subject	chain	generation	age	sex	group	pre	post	totalGameTime	finalScore	il	agreeIG	agreeOG	agreeTotal	agreeBias	agreeMaxIG	agreeMaxOG	obsIG	obsOG	obsTotal	obsBias	hammingIG	hammingOG	hammingDelta	IP_Hub_Country_Code	IP_Hub_ISP	IP_Hub_nonUSIP	IP_Hub_VPS	IP_Hub_recommend_block
	0	0	45	Female	0	more	more	190	30	9														US	M247	0	1	1
	0	0	53	Male	0	equal	equal	87	60	11														US	ATT-INTERNET4	0	0	0
	0	0	33	Female	0	more	more	69	40	10														US	CABLE-NET-1	0	0	0
	0	0	34	Male	1	more	idk	86	46	9														US	ATT-INTERNET4	0	0	0
	0	0	29	Female	1	more	equal	111	34	12														US	MNS	0	0	0
	0	0	41	Female	1	equal	less	104	-23	14														US	AUREON-5056	0	0	0
0.0	0	1	29	Female	0	more	idk	155	31	13	15.0	16.0	31.0	OG	22.0	24.0	33.0	27.0	60.0	IG	29.0	30.0	-1.0	US	COMCAST-7922	0	0	0
1.0	0	1	22	Male	0	equal	equal	654	75	12	27.0	14.0	41.0	IG	29.0	21.0	36.0	24.0	60.0	IG	19.0	26.0	-7.0	US	TIER-NET	0	0	0
2.0	0	1	26	Male	0	idk	idk	70	50	12	17.0	19.0	36.0	OG	22.0	24.0	30.0	30.0	60.0	Unbiased	28.0	25.0	3.0	US	CABLE-NET-1	0	0	0
3.0	0	1	40	Male	1	equal	more	216	27	9	24.0	0.0	24.0	IG	46.0	0.0	60.0	0.0	60.0	IG	36.0	27.0	9.0	US	ASN-CXA-ALL-CCI-22773-RDC	0	0	0
4.0	0	1	33	Female	1	equal	less	129	63	13	1.0	36.0	37.0	OG	4.0	40.0	5.0	55.0	60.0	OG	34.0	21.0	13.0	US	SHENTEL	0	0	0
5.0	0	1	44	Female	1	equal	more	135	5	15	36.0	5.0	41.0	IG	38.0	9.0	49.0	11.0	60.0	IG	20.0	33.0	-13.0	US	CHARTER-20115	0	0	0
6.0	0	2	36	Male	0	idk	idk	215	54	11	23.0	18.0	41.0	IG	24.0	21.0	31.0	29.0	60.0	IG	20.0	25.0	-5.0	US	TWC-11426-CAROLINAS	0	0	0
7.0	0	2	32	Female	0	equal	less	177	36	11	14.0	18.0	32.0	OG	21.0	26.0	26.0	34.0	60.0	OG	24.0	27.0	-3.0	US	SCOTTEPB	0	0	0
8.0	0	2	23	Male	0	idk	equal	178	40	10	25.0	14.0	39.0	IG	30.0	20.0	36.0	24.0	60.0	IG	24.0	27.0	-3.0	US	UUNET	0	0	0
9.0	0	2	48	Female	1	equal	idk	282	70	11	22.0	21.0	43.0	IG	26.0	22.0	35.0	25.0	60.0	IG	23.0	18.0	5.0	US	COMCAST-7922	0	0	0
10.0	0	2	25	Male	1	more	idk	125	33	12	26.0	7.0	33.0	IG	33.0	10.0	47.0	13.0	60.0	IG	30.0	31.0	-1.0	US	UUNET	0	0	0
11.0	0	2	32	Male	1	equal	equal	111	55	8	16.0	16.0	32.0	Unbiased	24.0	25.0	32.0	28.0	60.0	IG	30.0	27.0	3.0	US	ATT-INTERNET4	0	0	0
12.0	0	3	30	Female	0	equal	equal	182	7	9	18.0	19.0	37.0	OG	25.0	25.0	31.0	29.0	60.0	IG	31.0	27.0	4.0	US	CMCS	0	0	0
13.0	0	3	35	Male	0	equal	equal	199	50	7	24.0	21.0	45.0	IG	29.0	23.0	34.0	26.0	60.0	IG	26.0	20.0	6.0	CO	Telefonica	1	0	1
14.0	0	3	33	Male	0	equal	idk	194	32	11	27.0	16.0	43.0	IG	31.0	22.0	34.0	26.0	60.0	IG	20.0	26.0	-6.0	US	UUNET	0	0	0
15.0	0	3	26	Female	1	equal	equal	368	63	8	16.0	19.0	35.0	OG	20.0	31.0	22.0	38.0	60.0	OG	27.0	31.0	-4.0	US	SPCS	0	0	0
16.0	0	3	35	Female	1	equal	equal	199	36	8	17.0	11.0	28.0	IG	32.0	18.0	39.0	21.0	60.0	IG	36.0	32.0	4.0	US	SUDDENLINK-COMMUNICATIONS	0	0	0
17.0	0	3	38	Female	1	equal	less	495	38	12	14.0	14.0	28.0	Unbiased	25.0	22.0	32.0	28.0	60.0	IG	36.0	32.0	4.0	US	COMCAST-7922	0	0	0
18.0	0	4	30	Female	0	equal	equal	216	41	9	17.0	11.0	28.0	IG	24.0	26.0	30.0	30.0	60.0	Unbiased	22.0	24.0	-2.0	US	LIGHTOWER	0	0	0
19.0	0	4	32	Male	0	equal	less	179	35	12	16.0	7.0	23.0	IG	36.0	13.0	45.0	15.0	60.0	IG	38.0	36.0	2.0	US	ATT-INTERNET4	0	0	0
20.0	0	4	22	Female	0	equal	equal	171	46	7	17.0	26.0	43.0	OG	20.0	29.0	26.0	34.0	60.0	OG	29.0	15.0	14.0	GB	JANET	1	0	1
21.0	0	4	53	Female	1	idk	equal	212	35	8	26.0	22.0	48.0	IG	28.0	24.0	31.0	29.0	60.0	IG	16.0	26.0	-10.0	US	INS-AS	0	0	0
22.0	0	4	39	Female	1	idk	equal	228	51	11	17.0	8.0	25.0	IG	37.0	15.0	43.0	17.0	60.0	IG	32.0	26.0	6.0	US	ATT-INTERNET4	0	0	0
23.0	0	4	55	Female	1	equal	more	818	73	12	16.0	14.0	30.0	IG	28.0	24.0	31.0	29.0	60.0	IG	26.0	28.0	-2.0	US	HURRICANE	0	0	0
24.0	0	5	33	Male	0	equal	equal	161	48	11	19.0	25.0	44.0	OG	22.0	28.0	26.0	34.0	60.0	OG	22.0	25.0	-3.0	US	ORST-AS	0	0	0
25.0	0	5	69	Female	0	equal	equal	280	60	13	27.0	19.0	46.0	IG	28.0	21.0	35.0	25.0	60.0	IG	24.0	25.0	-1.0	US	TWC-11427-TEXAS	0	0	0
26.0	0	5	47	Male	0	equal	equal	169	51	14	24.0	17.0	41.0	IG	27.0	20.0	37.0	23.0	60.0	IG	27.0	22.0	5.0	US	COMCAST-7922	0	0	0
27.0	0	5	60	Male	1	equal	equal	188	25	13	31.0	7.0	38.0	IG	35.0	9.0	49.0	11.0	60.0	IG	22.0	31.0	-9.0	US	CMCS	0	0	0
28.0	0	5	28	Male	1	equal	more	156	55	11	25.0	20.0	45.0	IG	27.0	23.0	32.0	28.0	60.0	IG	24.0	23.0	1.0	US	ATT-INTERNET4	0	0	0
29.0	0	5	31	Male	1	more	equal	214	65	12	23.0	20.0	43.0	IG	26.0	24.0	28.0	32.0	60.0	OG	22.0	27.0	-5.0	IN	VODAFONE-IN	1	0	1
30.0	0	6	34	Female	0	more	equal	156	22	10	12.0	18.0	30.0	OG	20.0	24.0	27.0	33.0	60.0	OG	23.0	29.0	-6.0	US	TWC-12271-NYC	0	0	0
31.0	0	6	50	Female	0	equal	equal	188	61	11	24.0	11.0	35.0	IG	32.0	19.0	40.0	20.0	60.0	IG	26.0	28.0	-2.0	US	CHARTER-20115	0	0	0
32.0	0	6	28	Male	0	equal	equal	128	9	11	21.0	10.0	31.0	IG	29.0	22.0	36.0	24.0	60.0	IG	26.0	24.0	2.0	US	ASN-QUADRANET-GLOBAL	0	1	1
33.0	0	6	32	Female	1	equal	equal	119	37	8	26.0	12.0	38.0	IG	33.0	16.0	42.0	18.0	60.0	IG	24.0	24.0	0.0	US	WOW-INTERNET	0	0	0
34.0	0	6	50	Male	1	equal	equal	224	75	8	21.0	29.0	50.0	OG	23.0	30.0	27.0	33.0	60.0	OG	18.0	18.0	0.0	US	CABLEONE	0	0	0
35.0	0	6	44	Female	1	equal	less	187	65	12	19.0	29.0	48.0	OG	19.0	31.0	22.0	38.0	60.0	OG	20.0	16.0	4.0	US	COMCAST-7922	0	0	0
36.0	0	7	32	Male	0	more	equal	245	21	9	41.0	0.0	41.0	IG	45.0	0.0	60.0	0.0	60.0	IG	19.0	24.0	-5.0	US	UUNET	0	0	0
37.0	0	7	27	Male	0	equal	less	181	-10	8	12.0	10.0	22.0	IG	22.0	28.0	28.0	32.0	60.0	OG	34.0	43.0	-9.0	US	AS-COLOCROSSING	0	1	1
38.0	0	7	33	Male	0	equal	less	131	5	11	6.0	31.0	37.0	OG	11.0	35.0	15.0	45.0	60.0	OG	25.0	28.0	-3.0	US	WOW-INTERNET	0	0	0
39.0	0	7	41	Female	1	equal	equal	246	60	10	49.0	0.0	49.0	IG	49.0	0.0	60.0	0.0	60.0	IG	11.0	22.0	-11.0	US	COMCAST-7922	0	0	0
40.0	0	7	61	Female	1	equal	equal	157	55	8	23.0	23.0	46.0	Unbiased	23.0	24.0	29.0	31.0	60.0	OG	16.0	19.0	-3.0	US	CHARTER-20115	0	0	0
41.0	0	7	28	Female	1	equal	equal	218	55	12	12.0	8.0	20.0	IG	28.0	21.0	38.0	22.0	60.0	IG	40.0	37.0	3.0	US	HORIZONCHILLICOTHETELEPHONE	0	0	0
42.0	0	8	27	Male	0	more	equal	163	-5	8	28.0	9.0	37.0	IG	35.0	13.0	44.0	16.0	60.0	IG	23.0	31.0	-8.0	US	TWC-12271-NYC	0	0	0
43.0	0	8	43	Female	0	equal	more	154	30	10	31.0	11.0	42.0	IG	32.0	12.0	44.0	16.0	60.0	IG	18.0	28.0	-10.0	US	FRONTIER-FRTR	0	0	0
44.0	0	8	36	Female	0	equal	more	240	21	11	33.0	7.0	40.0	IG	35.0	13.0	46.0	14.0	60.0	IG	21.0	37.0	-16.0	US	TWC-11351-NORTHEAST	0	0	0
45.0	0	8	24	Female	1	more	more	171	10	14	29.0	3.0	32.0	IG	41.0	4.0	54.0	6.0	60.0	IG	28.0	34.0	-6.0	US	NETROUTING-AS	0	1	1
46.0	0	8	39	Female	1	equal	equal	221	40	11	34.0	0.0	34.0	IG	45.0	0.0	60.0	0.0	60.0	IG	26.0	24.0	2.0	US	LSNET	0	0	0
47.0	0	8	29	Male	1	more	more	234	51	12	35.0	9.0	44.0	IG	35.0	10.0	46.0	14.0	60.0	IG	15.0	29.0	-14.0	US	TWC-11426-CAROLINAS	0	0	0
48.0	0	9	33	Female	0	equal	equal	142	54	10	18.0	27.0	45.0	OG	23.0	27.0	26.0	34.0	60.0	OG	22.0	25.0	-3.0	US	CABLE-NET-1	0	0	0
49.0	0	9	34	Female	0	idk	more	183	51	10	14.0	21.0	35.0	OG	24.0	29.0	27.0	33.0	60.0	OG	31.0	24.0	7.0	IN	CTRLS-AS-IN	1	0	1
50.0	0	9	28	Female	0	equal	equal	194	30	11	30.0	16.0	46.0	IG	32.0	17.0	39.0	21.0	60.0	IG	18.0	25.0	-7.0	US	CABLELYNX	0	0	0
51.0	0	9	49	Male	1	less	more	217	50	9	28.0	12.0	40.0	IG	32.0	20.0	40.0	20.0	60.0	IG	21.0	30.0	-9.0	US	T-MOBILE-AS21928	0	0	0
52.0	0	9	42	Female	1	equal	less	181	23	9	17.0	16.0	33.0	IG	24.0	27.0	29.0	31.0	60.0	OG	24.0	27.0	-3.0	US	INS-AS	0	0	0
53.0	0	9	51	Female	1	equal	equal	295	33	8	12.0	27.0	39.0	OG	19.0	34.0	20.0	40.0	60.0	OG	20.0	21.0	-1.0	US	COMCAST-7922	0	0	0
	1	0	30	Male	0	equal	equal	103	50	9														US	CMCS	0	0	0
	1	0	30	Male	0	less	equal	136	27	11														US	AS40676	0	1	1
	1	0	37	Female	0	more	less	138	37	6														US	CENTURYLINK-US-LEGACY-QWEST	0	0	0
	1	0	27	Female	1	equal	less	45	39	13														US	BHN-33363	0	0	0
	1	0	35	Female	1	more	equal	86	48	9														US	COMCAST-7922	0	0	0
	1	0	40	Female	1	equal	equal	72	23	9														US	MANOR-CARE	0	0	0
54.0	1	1	29	Female	0	equal	less	224	49	8	25.0	13.0	38.0	IG	29.0	21.0	35.0	25.0	60.0	IG	23.0	37.0	-14.0	US	BHN-33363	0	0	0
55.0	1	1	41	Female	0	equal	more	209	68	7	20.0	18.0	38.0	IG	24.0	22.0	33.0	27.0	60.0	IG	30.0	28.0	2.0	US	TWC-11426-CAROLINAS	0	0	0
56.0	1	1	23	Male	0	equal	equal	156	60	5	26.0	14.0	40.0	IG	29.0	15.0	37.0	23.0	60.0	IG	24.0	34.0	-10.0	US	ATT-INTERNET4	0	0	0
57.0	1	1	27	Male	1	equal	less	144	23	11	15.0	20.0	35.0	OG	23.0	26.0	28.0	32.0	60.0	OG	27.0	27.0	0.0	US	COMCAST-7015	0	0	0
58.0	1	1	24	Female	1	less	less	261	29	9	16.0	15.0	31.0	IG	29.0	19.0	34.0	26.0	60.0	IG	29.0	27.0	2.0	CA	TOTAL-SERVER-SOLUTIONS	1	1	1
59.0	1	1	28	Female	1	less	equal	180	40	7	11.0	25.0	36.0	OG	22.0	32.0	24.0	36.0	60.0	OG	36.0	22.0	14.0	US	RCN-AS	0	0	0
60.0	1	2	33	Female	0	less	equal	114	16	8	13.0	22.0	35.0	OG	16.0	33.0	21.0	39.0	60.0	OG	21.0	26.0	-5.0	US	PRMC-ASN	0	0	0
61.0	1	2	21	Male	0	more	less	148	56	8	27.0	16.0	43.0	IG	28.0	19.0	36.0	24.0	60.0	IG	13.0	18.0	-5.0	US	COMCAST-7922	0	0	0
62.0	1	2	23	Male	0	equal	less	567	30	6	23.0	18.0	41.0	IG	33.0	23.0	36.0	24.0	60.0	IG	23.0	18.0	5.0	US	AS40676	0	1	1
63.0	1	2	57	Male	1	equal	less	191	65	9	24.0	21.0	45.0	IG	29.0	21.0	35.0	25.0	60.0	IG	17.0	18.0	-1.0	US	TOTAL-SERVER-SOLUTIONS	0	1	1
64.0	1	2	37	Female	1	equal	equal	205	46	7	12.0	24.0	36.0	OG	27.0	28.0	30.0	30.0	60.0	Unbiased	26.0	19.0	7.0	US	ASN-CXA-ALL-CCI-22773-RDC	0	0	0
65.0	1	2	36	Male	1	equal	more	247	57	9	0.0	40.0	40.0	OG	0.0	50.0	0.0	60.0	60.0	OG	29.0	20.0	9.0	US	ATT-INTERNET4	0	0	0
66.0	1	3	39	Male	0	equal	equal	204	40	5	22.0	19.0	41.0	IG	29.0	24.0	34.0	26.0	60.0	IG	18.0	20.0	-2.0	US	FRONTIER-FRTR	0	0	0
67.0	1	3	37	Female	0	equal	equal	176	0	8	17.0	15.0	32.0	IG	24.0	25.0	29.0	31.0	60.0	OG	30.0	32.0	-2.0	US	TWC-12271-NYC	0	0	0
68.0	1	3	72	Female	0	equal	more	341	55	12	43.0	3.0	46.0	IG	44.0	5.0	53.0	7.0	60.0	IG	11.0	25.0	-14.0	US	CABLEONE	0	0	0
69.0	1	3	42	Female	1	less	more	179	73	13	33.0	15.0	48.0	IG	33.0	17.0	43.0	17.0	60.0	IG	19.0	15.0	4.0	US	COMCAST-7922	0	0	0
70.0	1	3	61	Female	1	equal	idk	198	-7	5	14.0	19.0	33.0	OG	23.0	28.0	28.0	32.0	60.0	OG	31.0	27.0	4.0	US	ATT-INTERNET4	0	0	0
71.0	1	3	48	Female	1	equal	equal	149	70	6	26.0	22.0	48.0	IG	27.0	22.0	35.0	25.0	60.0	IG	20.0	18.0	2.0	US	EIDG-AS1	0	0	0
72.0	1	4	37	Female	0	equal	more	129	60	9	41.0	4.0	45.0	IG	41.0	4.0	56.0	4.0	60.0	IG	17.0	22.0	-5.0	US	HARCOM1	0	0	0
73.0	1	4	23	Male	0	more	less	98	53	10	11.0	22.0	33.0	OG	18.0	31.0	23.0	37.0	60.0	OG	28.0	23.0	5.0	US	ATT-INTERNET4	0	0	0
74.0	1	4	53	Female	0	equal	more	301	77	4	4.0	26.0	30.0	OG	6.0	42.0	7.0	53.0	60.0	OG	26.0	29.0	-3.0	US	TWC-11351-NORTHEAST	0	0	0
75.0	1	4	36	Male	1	equal	equal	342	60	9	21.0	16.0	37.0	IG	26.0	21.0	34.0	26.0	60.0	IG	26.0	29.0	-3.0	US	ALGH-DCS	0	0	0
76.0	1	4	68	Female	1	equal	equal	215	31	7	24.0	10.0	34.0	IG	29.0	22.0	37.0	23.0	60.0	IG	23.0	36.0	-13.0	US	BHN-33363	0	0	0
77.0	1	4	42	Female	1	equal	equal	274	60	9	33.0	15.0	48.0	IG	33.0	20.0	40.0	20.0	60.0	IG	16.0	21.0	-5.0	US	CHARTER-20115	0	0	0
78.0	1	5	29	Male	0	equal	equal	123	95	11	31.0	14.0	45.0	IG	32.0	15.0	40.0	20.0	60.0	IG	15.0	26.0	-11.0	US	TVC-AS1	0	0	0
79.0	1	5	28	Female	0	equal	less	148	28	9	5.0	25.0	30.0	OG	11.0	37.0	15.0	45.0	60.0	OG	30.0	29.0	1.0	US	COMCAST-7922	0	0	0
80.0	1	5	69	Female	0	equal	more	190	80	10	39.0	10.0	49.0	IG	40.0	11.0	48.0	12.0	60.0	IG	14.0	29.0	-15.0	US	CHARTER-20115	0	0	0
81.0	1	5	34	Female	1	equal	less	192	40	9	28.0	0.0	28.0	IG	47.0	1.0	59.0	1.0	60.0	IG	31.0	34.0	-3.0	US	FRONTIER-FRTR	0	0	0
82.0	1	5	43	Female	1	more	more	139	43	10	28.0	6.0	34.0	IG	40.0	7.0	50.0	10.0	60.0	IG	24.0	33.0	-9.0	US	UUNET	0	0	0
83.0	1	5	31	Male	1	equal	equal	179	36	9	21.0	21.0	42.0	Unbiased	26.0	25.0	30.0	30.0	60.0	Unbiased	19.0	26.0	-7.0	US	COMCAST-7922	0	0	0
84.0	1	6	27	Female	0	less	less	289	12	10	11.0	13.0	24.0	OG	29.0	25.0	33.0	27.0	60.0	IG	35.0	31.0	4.0	US	ASN-QUADRANET-GLOBAL	0	1	1
85.0	1	6	31	Female	0	equal	equal	135	22	10	28.0	7.0	35.0	IG	39.0	11.0	46.0	14.0	60.0	IG	27.0	33.0	-6.0	US	COMCAST-7922	0	0	0
86.0	1	6	28	Male	0	equal	equal	151	43	8	19.0	13.0	32.0	IG	25.0	27.0	27.0	33.0	60.0	OG	14.0	30.0	-16.0	US	KVCNET-2009	0	1	1
87.0	1	6	29	Male	1	equal	equal	165	43	8	19.0	20.0	39.0	OG	26.0	25.0	32.0	28.0	60.0	IG	32.0	18.0	14.0	US	COMCAST-7922	0	0	0
88.0	1	6	39	Female	1	equal	equal	216	60	10	30.0	12.0	42.0	IG	30.0	19.0	41.0	19.0	60.0	IG	19.0	25.0	-6.0	US	TWC-11427-TEXAS	0	0	0
89.0	1	6	35	Female	1	more	less	120	60	12	35.0	0.0	35.0	IG	46.0	0.0	60.0	0.0	60.0	IG	25.0	29.0	-4.0	US	COMCAST-7922	0	0	0
90.0	1	7	20	Female	0	equal	equal	123	59	8	21.0	22.0	43.0	OG	22.0	22.0	32.0	28.0	60.0	IG	20.0	20.0	0.0	US	CLEARWAVE-COMMUNICATIONS	0	0	0
91.0	1	7	57	Female	0	equal	idk	168	75	11	29.0	19.0	48.0	IG	29.0	20.0	40.0	20.0	60.0	IG	22.0	18.0	4.0	US	FRONTIER-FRTR	0	0	0
92.0	1	7	31	Female	0	idk	more	256	56	9	38.0	1.0	39.0	IG	41.0	2.0	57.0	3.0	60.0	IG	21.0	33.0	-12.0	US	TWC-11426-CAROLINAS	0	0	0
93.0	1	7	50	Female	1	equal	idk	151	75	9	23.0	14.0	37.0	IG	25.0	20.0	31.0	29.0	60.0	IG	20.0	24.0	-4.0	US	KUMC	0	0	0
94.0	1	7	26	Male	1	equal	more	183	71	9	30.0	13.0	43.0	IG	34.0	14.0	45.0	15.0	60.0	IG	20.0	26.0	-6.0	US	TWC-11427-TEXAS	0	0	0
95.0	1	7	32	Female	1	equal	equal	190	71	4	15.0	21.0	36.0	OG	24.0	26.0	26.0	34.0	60.0	OG	20.0	24.0	-4.0	US	TWC-10796-MIDWEST	0	0	0
96.0	1	8	23	Female	0	more	idk	159	60	7	1.0	31.0	32.0	OG	3.0	51.0	3.0	57.0	60.0	OG	30.0	29.0	1.0	US	COMCAST-7922	0	0	0
97.0	1	8	29	Female	0	equal	equal	138	45	4	31.0	9.0	40.0	IG	37.0	15.0	44.0	16.0	60.0	IG	25.0	28.0	-3.0	US	Private or unnanounced IP	0	0	0
98.0	1	8	67	Female	0	equal	equal	329	25	9	24.0	15.0	39.0	IG	28.0	23.0	34.0	26.0	60.0	IG	21.0	26.0	-5.0	US	COMCAST-7922	0	0	0
99.0	1	8	31	Male	1	equal	equal	130	18	11	21.0	11.0	32.0	IG	35.0	22.0	38.0	22.0	60.0	IG	23.0	32.0	-9.0	US	TWC-12271-NYC	0	0	0
100.0	1	8	54	Female	1	equal	idk	140	75	9	54.0	0.0	54.0	IG	54.0	0.0	60.0	0.0	60.0	IG	6.0	17.0	-11.0	US	COMCAST-7922	0	0	0
101.0	1	8	27	Female	1	less	less	187	16	6	15.0	17.0	32.0	OG	21.0	32.0	24.0	36.0	60.0	OG	23.0	30.0	-7.0	US	ASN-QUADRANET-GLOBAL	0	1	1
102.0	1	9	50	Male	0	equal	equal	132	39	12	29.0	0.0	29.0	IG	47.0	1.0	59.0	1.0	60.0	IG	31.0	42.0	-11.0	US	SCTA-ASN	0	0	0
103.0	1	9	60	Female	0	equal	equal	249	12	7	23.0	7.0	30.0	IG	28.0	23.0	37.0	23.0	60.0	IG	22.0	35.0	-13.0	US	MW-KANSAS	0	0	0
104.0	1	9	48	Male	0	idk	idk	254	50	8	17.0	19.0	36.0	OG	26.0	29.0	29.0	31.0	60.0	OG	28.0	25.0	3.0	US	ATT-INTERNET4	0	0	0
105.0	1	9	23	Female	1	equal	equal	102	70	5	32.0	11.0	43.0	IG	37.0	13.0	46.0	14.0	60.0	IG	17.0	24.0	-7.0	US	ATT-INTERNET4	0	0	0
106.0	1	9	49	Female	1	equal	equal	201	61	9	28.0	8.0	36.0	IG	33.0	20.0	38.0	22.0	60.0	IG	14.0	27.0	-13.0	US	ATT-INTERNET4	0	0	0
107.0	1	9	35	Female	1	equal	equal	131	55	7	24.0	20.0	44.0	IG	29.0	23.0	33.0	27.0	60.0	IG	20.0	21.0	-1.0	US	TWIN-LAKES	0	0	0
	2	0	41	Female	0	less	equal	103	53	10														US	COMCAST-7922	0	0	0
	2	0	26	Male	0	more	more	151	9	11														US	DC74-AS	0	0	0
	2	0	42	Female	0	equal	idk	176	33	8														US	TWC-11427-TEXAS	0	0	0
	2	0	44	Male	1	equal	idk	118	25	9														US	RFC2270-UUNET-CUSTOMER	0	0	0
	2	0	39	Male	1	equal	idk	56	31	11														US	CABLE-NET-1	0	0	0
	2	0	35	Female	1	idk	equal	108	37	12														US	ATT-MOBILITY-LLC-AS20057	0	0	0
108.0	2	1	23	Female	0	idk	idk	211	22	12	25.0	12.0	37.0	IG	29.0	14.0	42.0	18.0	60.0	IG	27.0	29.0	-2.0	US	TWC-11351-NORTHEAST	0	0	0
109.0	2	1	35	Female	0	more	less	203	60	12	15.0	14.0	29.0	IG	22.0	26.0	31.0	29.0	60.0	IG	29.0	31.0	-2.0	US	GM-ATL	0	0	0
110.0	2	1	67	Female	0	idk	equal	224	60	11	21.0	14.0	35.0	IG	25.0	17.0	36.0	24.0	60.0	IG	25.0	35.0	-10.0	US	ATT-INTERNET4	0	0	0
111.0	2	1	35	Female	1	equal	more	163	45	10	44.0	0.0	44.0	IG	44.0	1.0	59.0	1.0	60.0	IG	16.0	32.0	-16.0	US	CHARTER-20115	0	0	0
112.0	2	1	36	Female	1	equal	more	90	33	10	28.0	7.0	35.0	IG	33.0	15.0	42.0	18.0	60.0	IG	24.0	32.0	-8.0	US	ECHO-GLOBAL	0	0	0
113.0	2	1	43	Female	1	idk	more	171	60	12	11.0	17.0	28.0	OG	27.0	23.0	32.0	28.0	60.0	IG	35.0	25.0	10.0	US	COMCAST-7922	0	0	0
114.0	2	2	22	Male	0	more	equal	345	10	9	21.0	16.0	37.0	IG	25.0	21.0	32.0	28.0	60.0	IG	22.0	28.0	-6.0	US	CHARTER-20115	0	0	0
115.0	2	2	23	Female	0	equal	less	122	30	10	29.0	1.0	30.0	IG	42.0	3.0	57.0	3.0	60.0	IG	30.0	32.0	-2.0	US	TWC-12271-NYC	0	0	0
116.0	2	2	46	Female	0	more	more	278	22	11	17.0	17.0	34.0	Unbiased	28.0	24.0	32.0	28.0	60.0	IG	30.0	28.0	2.0	US	ATT-INTERNET4	0	0	0
117.0	2	2	49	Male	1	less	less	151	-10	12	26.0	10.0	36.0	IG	30.0	20.0	40.0	20.0	60.0	IG	24.0	30.0	-6.0	US	CMCS	0	0	0
118.0	2	2	48	Male	1	more	equal	253	20	10	23.0	8.0	31.0	IG	30.0	17.0	43.0	17.0	60.0	IG	28.0	24.0	4.0	US	CMCS	0	0	0
119.0	2	2	27	Female	1	more	equal	264	22	11	10.0	18.0	28.0	OG	23.0	23.0	28.0	32.0	60.0	OG	34.0	32.0	2.0	US	ASN-QUADRANET-GLOBAL	0	1	1
120.0	2	3	57	Female	0	equal	equal	245	37	6	18.0	12.0	30.0	IG	28.0	21.0	38.0	22.0	60.0	IG	35.0	27.0	8.0	US	ATT-INTERNET4	0	0	0
121.0	2	3	38	Male	0	more	more	131	56	15	21.0	16.0	37.0	IG	27.0	24.0	32.0	28.0	60.0	IG	22.0	32.0	-10.0	US	COMCAST-7922	0	0	0
122.0	2	3	31	Female	0	more	equal	244	50	13	21.0	20.0	41.0	IG	25.0	25.0	31.0	29.0	60.0	IG	24.0	26.0	-2.0	US	COMCAST-7922	0	0	0
123.0	2	3	42	Female	1	equal	more	123	55	11	19.0	12.0	31.0	IG	27.0	21.0	33.0	27.0	60.0	IG	21.0	33.0	-12.0	US	CELLCO-PART	0	0	0
124.0	2	3	42	Male	1	more	less	136	58	13	16.0	23.0	39.0	OG	18.0	28.0	24.0	36.0	60.0	OG	28.0	28.0	0.0	US	DIGITALOCEAN-ASN	0	1	1
125.0	2	3	52	Female	1	equal	equal	293	53	11	27.0	14.0	41.0	IG	31.0	16.0	43.0	17.0	60.0	IG	27.0	27.0	0.0	US	CABLE-NET-1	0	0	0
126.0	2	4	54	Female	0	equal	equal	189	45	13	16.0	23.0	39.0	OG	18.0	28.0	27.0	33.0	60.0	OG	32.0	19.0	13.0	US	TEL-STAR	0	0	0
127.0	2	4	27	Female	0	equal	more	106	55	10	25.0	22.0	47.0	IG	28.0	23.0	34.0	26.0	60.0	IG	24.0	19.0	5.0	US	DQECOM	0	0	0
128.0	2	4	29	Male	0	equal	less	219	38	8	20.0	26.0	46.0	OG	24.0	27.0	30.0	30.0	60.0	Unbiased	25.0	20.0	5.0	US	ATT-INTERNET4	0	0	0
129.0	2	4	63	Male	1	more	more	366	58	9	24.0	16.0	40.0	IG	26.0	23.0	30.0	30.0	60.0	Unbiased	18.0	29.0	-11.0	US	ASN-CXA-ALL-CCI-22773-RDC	0	0	0
130.0	2	4	30	Male	1	equal	equal	128	29	10	21.0	16.0	37.0	IG	32.0	18.0	35.0	25.0	60.0	IG	27.0	26.0	1.0	US	COLUMBIA-GW	0	0	0
131.0	2	4	33	Female	1	equal	idk	158	60	12	39.0	8.0	47.0	IG	39.0	8.0	48.0	12.0	60.0	IG	16.0	29.0	-13.0	US	COMCAST-7922	0	0	0
132.0	2	5	26	Female	0	equal	idk	143	49	9	26.0	10.0	36.0	IG	36.0	13.0	44.0	16.0	60.0	IG	27.0	26.0	1.0	US	CELLCO	0	0	0
133.0	2	5	68	Female	0	equal	equal	222	60	12	32.0	0.0	32.0	IG	49.0	0.0	60.0	0.0	60.0	IG	28.0	33.0	-5.0	US	ASN-CXA-ALL-CCI-22773-RDC	0	0	0
134.0	2	5	38	Female	0	equal	equal	135	49	12	39.0	3.0	42.0	IG	44.0	5.0	54.0	6.0	60.0	IG	17.0	22.0	-5.0	US	HFHS-ASN	0	0	0
135.0	2	5	29	Female	1	equal	equal	135	53	12	42.0	0.0	42.0	IG	47.0	0.0	60.0	0.0	60.0	IG	18.0	19.0	-1.0	US	NOANET-WA	0	0	0
136.0	2	5	40	Female	1	equal	equal	248	67	12	28.0	0.0	28.0	IG	47.0	0.0	60.0	0.0	60.0	IG	32.0	27.0	5.0	US	UUNET	0	0	0
137.0	2	5	35	Male	1	equal	equal	111	50	12	26.0	20.0	46.0	IG	28.0	25.0	30.0	30.0	60.0	Unbiased	23.0	22.0	1.0	US	ATT-INTERNET4	0	0	0
138.0	2	6	23	Female	0	equal	equal	278	50	12	20.0	18.0	38.0	IG	24.0	24.0	31.0	29.0	60.0	IG	24.0	24.0	0.0	US	CCI-TEXAS	0	0	0
139.0	2	6	24	Female	0	more	equal	118	44	8	26.0	18.0	44.0	IG	26.0	22.0	32.0	28.0	60.0	IG	20.0	20.0	0.0	US	TWC-11426-CAROLINAS	0	0	0
140.0	2	6	44	Female	0	idk	idk	193	36	12	18.0	18.0	36.0	Unbiased	27.0	20.0	33.0	27.0	60.0	IG	28.0	26.0	2.0	US	COMCAST-7922	0	0	0
141.0	2	6	33	Male	1	equal	more	124	58	14	34.0	0.0	34.0	IG	46.0	0.0	60.0	0.0	60.0	IG	26.0	22.0	4.0	US	TWC-11426-CAROLINAS	0	0	0
142.0	2	6	41	Female	1	idk	idk	174	70	10	22.0	23.0	45.0	OG	24.0	25.0	29.0	31.0	60.0	OG	24.0	22.0	2.0	US	ATT-INTERNET4	0	0	0
143.0	2	6	29	Female	1	equal	idk	118	45	13	39.0	0.0	39.0	IG	46.0	0.0	60.0	0.0	60.0	IG	21.0	29.0	-8.0	US	STATE-OF-MN	0	0	0
144.0	2	7	35	Male	0	more	equal	208	46	11	21.0	15.0	36.0	IG	32.0	18.0	35.0	25.0	60.0	IG	28.0	23.0	5.0	US	COMCAST-7922	0	0	0
145.0	2	7	27	Female	0	equal	idk	126	45	10	51.0	0.0	51.0	IG	51.0	0.0	60.0	0.0	60.0	IG	9.0	24.0	-15.0	US	CHARTER-20115	0	0	0
146.0	2	7	31	Male	0	equal	more	86	74	11	31.0	9.0	40.0	IG	40.0	12.0	45.0	15.0	60.0	IG	22.0	25.0	-3.0	US	COMCAST-7922	0	0	0
147.0	2	7	26	Male	1	equal	equal	96	60	13	37.0	1.0	38.0	IG	41.0	5.0	54.0	6.0	60.0	IG	21.0	28.0	-7.0	US	MEC-ASN	0	0	0
148.0	2	7	26	Male	1	equal	more	145	45	13	31.0	3.0	34.0	IG	38.0	9.0	51.0	9.0	60.0	IG	24.0	27.0	-3.0	US	MEDIACOM-ENTERPRISE-BUSINESS	0	0	0
149.0	2	7	38	Male	1	more	more	215	32	9	28.0	8.0	36.0	IG	35.0	11.0	47.0	13.0	60.0	IG	25.0	28.0	-3.0	US	TOTAL-SERVER-SOLUTIONS	0	1	1
150.0	2	8	41	Female	0	more	less	265	30	9	14.0	15.0	29.0	OG	27.0	23.0	35.0	25.0	60.0	IG	27.0	29.0	-2.0	US	CSUOHIO-AS	0	0	0
151.0	2	8	60	Male	0	equal	equal	235	40	11	14.0	18.0	32.0	OG	23.0	24.0	29.0	31.0	60.0	OG	27.0	29.0	-2.0	US	CMCS	0	0	0
152.0	2	8	44	Female	0	equal	equal	200	45	9	37.0	8.0	45.0	IG	39.0	12.0	47.0	13.0	60.0	IG	14.0	32.0	-18.0	US	COMCAST-7922	0	0	0
153.0	2	8	31	Male	1	more	more	138	53	8	25.0	23.0	48.0	IG	26.0	25.0	33.0	27.0	60.0	IG	16.0	18.0	-2.0	US	MEDIACOM-ENTERPRISE-BUSINESS	0	0	0
154.0	2	8	32	Female	1	equal	idk	294	70	13	28.0	20.0	48.0	IG	30.0	25.0	34.0	26.0	60.0	IG	15.0	19.0	-4.0	US	COMCAST-7922	0	0	0
155.0	2	8	19	Female	1	more	equal	231	30	13	24.0	22.0	46.0	IG	28.0	25.0	32.0	28.0	60.0	IG	21.0	17.0	4.0	US	USJ-ASN	0	0	0
156.0	2	9	43	Female	0	equal	equal	246	63	11	23.0	19.0	42.0	IG	27.0	26.0	30.0	30.0	60.0	Unbiased	18.0	22.0	-4.0	US	TWC-11351-NORTHEAST	0	0	0
157.0	2	9	39	Male	0	equal	equal	132	45	12	8.0	32.0	40.0	OG	10.0	41.0	12.0	48.0	60.0	OG	30.0	26.0	4.0	US	CENTURYLINK-US-LEGACY-QWEST	0	0	0
158.0	2	9	30	Female	0	more	more	173	65	7	43.0	4.0	47.0	IG	46.0	5.0	55.0	5.0	60.0	IG	14.0	26.0	-12.0	US	BHN-33363	0	0	0
159.0	2	9	38	Male	1	equal	equal	558	49	11	28.0	12.0	40.0	IG	38.0	15.0	44.0	16.0	60.0	IG	24.0	20.0	4.0	US	COMCAST-7922	0	0	0
160.0	2	9	52	Male	1	equal	idk	225	20	14	9.0	14.0	23.0	OG	17.0	34.0	20.0	40.0	60.0	OG	33.0	39.0	-6.0	US	GRANDECOM-AS1	0	0	0
161.0	2	9	28	Female	1	equal	equal	161	65	9	26.0	19.0	45.0	IG	33.0	23.0	36.0	24.0	60.0	IG	18.0	20.0	-2.0	US	MEGANET-TCIX	0	0	0
	3	0	22	Female	0	more	equal	104	52	8														US	UUNET	0	0	0
	3	0	49	Male	0	more	more	95	57	14														US	WINDSTREAM	0	0	0
	3	0	27	Female	0	equal	equal	101	48	9														US	TWC-11426-CAROLINAS	0	0	0
	3	0	39	Male	1	equal	equal	119	55	16														US	COMCAST-7922	0	0	0
	3	0	52	Female	1	idk	idk	88	34	10														US	COMCAST-7922	0	0	0
	3	0	32	Male	1	more	equal	96	29	5														US	AS40676	0	1	1
162.0	3	1	21	Male	0	more	equal	110	36	9	17.0	20.0	37.0	OG	20.0	26.0	27.0	33.0	60.0	OG	29.0	24.0	5.0	US	MDC-EDU	0	0	0
163.0	3	1	29	Male	0	equal	idk	182	38	10	12.0	19.0	31.0	OG	14.0	32.0	20.0	40.0	60.0	OG	29.0	26.0	3.0	US	COGENT-174	0	0	0
164.0	3	1	30	Female	0	equal	equal	107	60	10	27.0	21.0	48.0	IG	29.0	23.0	35.0	25.0	60.0	IG	25.0	26.0	-1.0	US	TWC-10796-MIDWEST	0	0	0
165.0	3	1	20	Female	1	equal	equal	132	51	12	36.0	11.0	47.0	IG	36.0	12.0	47.0	13.0	60.0	IG	15.0	30.0	-15.0	US	NERDCNET	0	1	1
166.0	3	1	27	Female	1	equal	less	461	49	12	15.0	23.0	38.0	OG	22.0	25.0	26.0	34.0	60.0	OG	25.0	26.0	-1.0	US	DIGITALOCEAN-ASN	0	1	1
167.0	3	1	41	Female	1	equal	equal	144	75	6	22.0	22.0	44.0	Unbiased	25.0	25.0	29.0	31.0	60.0	OG	25.0	22.0	3.0	US	COGENT-174	0	0	0
168.0	3	2	33	Male	0	more	less	151	20	8	24.0	7.0	31.0	IG	37.0	8.0	51.0	9.0	60.0	IG	28.0	31.0	-3.0	US	ASN-CXA-ALL-CCI-22773-RDC	0	0	0
169.0	3	2	29	Male	0	equal	equal	102	55	10	31.0	0.0	31.0	IG	45.0	0.0	60.0	0.0	60.0	IG	29.0	20.0	9.0	US	ATT-INTERNET4	0	0	0
170.0	3	2	50	Female	0	idk	equal	181	50	10	40.0	0.0	40.0	IG	45.0	0.0	60.0	0.0	60.0	IG	20.0	21.0	-1.0	US	COMCAST-7922	0	0	0
171.0	3	2	26	Female	1	equal	equal	188	47	11	14.0	18.0	32.0	OG	26.0	24.0	33.0	27.0	60.0	IG	36.0	25.0	11.0	US	TWC-10796-MIDWEST	0	0	0
172.0	3	2	28	Male	1	more	less	218	65	9	22.0	19.0	41.0	IG	22.0	24.0	28.0	32.0	60.0	OG	14.0	25.0	-11.0	US	ATT-INTERNET4	0	0	0
173.0	3	2	35	Male	1	equal	equal	313	42	8	21.0	12.0	33.0	IG	30.0	18.0	38.0	22.0	60.0	IG	23.0	26.0	-3.0	US	M247	0	1	1
174.0	3	3	61	Female	0	equal	idk	212	40	12	17.0	10.0	27.0	IG	26.0	25.0	29.0	31.0	60.0	OG	23.0	34.0	-11.0	US	TWC-10796-MIDWEST	0	0	0
175.0	3	3	34	Female	0	equal	equal	154	55	9	28.0	10.0	38.0	IG	30.0	20.0	40.0	20.0	60.0	IG	16.0	31.0	-15.0	US	ATT-INTERNET4	0	0	0
176.0	3	3	31	Male	0	equal	equal	165	49	10	25.0	7.0	32.0	IG	38.0	11.0	48.0	12.0	60.0	IG	28.0	21.0	7.0	RS	SERBIA-BROADBAND-AS	1	0	1
177.0	3	3	38	Female	1	equal	equal	180	44	9	16.0	26.0	42.0	OG	19.0	29.0	28.0	32.0	60.0	OG	30.0	21.0	9.0	US	COMCAST-7922	0	0	0
178.0	3	3	57	Female	1	equal	more	107	28	6	30.0	6.0	36.0	IG	39.0	10.0	49.0	11.0	60.0	IG	24.0	25.0	-1.0	US	SUDDENLINK-COMMUNICATIONS	0	0	0
179.0	3	3	39	Male	1	equal	equal	210	85	8	24.0	22.0	46.0	IG	28.0	23.0	36.0	24.0	60.0	IG	23.0	20.0	3.0	US	TWC-11426-CAROLINAS	0	0	0
180.0	3	4	47	Female	0	idk	equal	268	35	12	5.0	29.0	34.0	OG	8.0	41.0	9.0	51.0	60.0	OG	29.0	26.0	3.0	ZA	HOSTINGSERVICES-INC	1	1	1
181.0	3	4	21	Male	0	equal	less	139	60	9	21.0	27.0	48.0	OG	23.0	28.0	25.0	35.0	60.0	OG	16.0	19.0	-3.0	US	CHARTER-20115	0	0	0
182.0	3	4	33	Male	0	equal	more	166	44	11	19.0	9.0	28.0	IG	32.0	16.0	42.0	18.0	60.0	IG	34.0	33.0	1.0	US	CABLE-NET-1	0	0	0
183.0	3	4	66	Female	1	equal	equal	270	26	8	16.0	17.0	33.0	OG	27.0	23.0	32.0	28.0	60.0	IG	29.0	24.0	5.0	US	NORTHEAST-RURAL-SERVICES-DBA-BOLT-FIBER-OPTIC-SERV	0	0	0
184.0	3	4	30	Male	1	less	less	136	57	11	16.0	21.0	37.0	OG	24.0	26.0	31.0	29.0	60.0	IG	26.0	27.0	-1.0	US	TWC-12271-NYC	0	0	0
185.0	3	4	20	Male	1	equal	less	74	35	7	17.0	21.0	38.0	OG	25.0	23.0	33.0	27.0	60.0	IG	24.0	19.0	5.0	US	TWC-10796-MIDWEST	0	0	0
186.0	3	5	38	Male	0	equal	equal	144	52	9	21.0	22.0	43.0	OG	26.0	24.0	30.0	30.0	60.0	Unbiased	23.0	18.0	5.0	US	TWC-11427-TEXAS	0	0	0
187.0	3	5	41	Male	0	equal	equal	196	58	8	12.0	7.0	19.0	IG	25.0	26.0	33.0	27.0	60.0	IG	33.0	32.0	1.0	US	TWC-10796-MIDWEST	0	0	0
188.0	3	5	58	Male	0	equal	less	194	56	11	24.0	12.0	36.0	IG	30.0	15.0	41.0	19.0	60.0	IG	25.0	26.0	-1.0	US	ATT-INTERNET4	0	0	0
189.0	3	5	58	Male	1	equal	equal	214	45	10	19.0	10.0	29.0	IG	22.0	24.0	30.0	30.0	60.0	Unbiased	29.0	34.0	-5.0	US	BHN-33363	0	0	0
190.0	3	5	25	Female	1	equal	less	129	29	5	22.0	15.0	37.0	IG	26.0	23.0	31.0	29.0	60.0	IG	21.0	26.0	-5.0	US	WOW-INTERNET	0	0	0
191.0	3	5	65	Female	1	equal	equal	222	53	12	35.0	8.0	43.0	IG	38.0	8.0	49.0	11.0	60.0	IG	21.0	24.0	-3.0	US	UUNET	0	0	0
192.0	3	6	41	Male	0	equal	equal	115	52	7	29.0	11.0	40.0	IG	31.0	13.0	42.0	18.0	60.0	IG	18.0	27.0	-9.0	US	OARNET-AS	0	0	0
193.0	3	6	25	Female	0	equal	equal	142	15	6	19.0	15.0	34.0	IG	27.0	26.0	30.0	30.0	60.0	Unbiased	25.0	24.0	1.0	US	COMCAST-7922	0	0	0
194.0	3	6	24	Male	0	less	equal	108	55	6	17.0	17.0	34.0	Unbiased	23.0	26.0	30.0	30.0	60.0	Unbiased	23.0	20.0	3.0	US	CABLE-NET-1	0	0	0
195.0	3	6	21	Female	1	equal	equal	190	60	15	17.0	18.0	35.0	OG	20.0	25.0	25.0	35.0	60.0	OG	27.0	28.0	-1.0	US	HARCOM1	0	0	0
196.0	3	6	37	Female	1	equal	idk	154	49	11	18.0	15.0	33.0	IG	28.0	17.0	35.0	25.0	60.0	IG	26.0	23.0	3.0	US	CHARTER-20115	0	0	0
197.0	3	6	69	Female	1	equal	equal	210	70	11	27.0	18.0	45.0	IG	28.0	21.0	35.0	25.0	60.0	IG	19.0	22.0	-3.0	US	CHARTER-20115	0	0	0
198.0	3	7	36	Male	0	equal	more	198	60	9	25.0	15.0	40.0	IG	32.0	23.0	34.0	26.0	60.0	IG	20.0	23.0	-3.0	US	AXCELX-NET	0	1	1
199.0	3	7	28	Female	0	equal	equal	121	45	11	1.0	30.0	31.0	OG	3.0	45.0	3.0	57.0	60.0	OG	25.0	28.0	-3.0	US	AS-WAVE-1	0	0	0
200.0	3	7	29	Male	0	equal	equal	223	51	10	15.0	20.0	35.0	OG	24.0	26.0	29.0	31.0	60.0	OG	33.0	28.0	5.0	US	CHARTER-20115	0	0	0
201.0	3	7	31	Male	1	equal	equal	115	63	12	29.0	12.0	41.0	IG	32.0	19.0	40.0	20.0	60.0	IG	20.0	27.0	-7.0	US	CELLCO-PART	0	0	0
202.0	3	7	27	Male	1	more	more	175	70	8	41.0	0.0	41.0	IG	45.0	2.0	58.0	2.0	60.0	IG	19.0	26.0	-7.0	US	TWC-11427-TEXAS	0	0	0
203.0	3	7	36	Female	1	more	less	147	37	9	25.0	15.0	40.0	IG	32.0	16.0	40.0	20.0	60.0	IG	22.0	19.0	3.0	US	T-MOBILE-AS21928	0	0	0
204.0	3	8	32	Male	0	equal	equal	112	45	12	11.0	16.0	27.0	OG	20.0	28.0	25.0	35.0	60.0	OG	35.0	39.0	-4.0	US	TWC-11426-CAROLINAS	0	0	0
205.0	3	8	38	Male	0	equal	equal	122	59	10	26.0	15.0	41.0	IG	30.0	22.0	37.0	23.0	60.0	IG	23.0	23.0	0.0	US	BHN-33363	0	0	0
206.0	3	8	45	Female	0	equal	idk	291	49	8	19.0	12.0	31.0	IG	27.0	20.0	36.0	24.0	60.0	IG	31.0	29.0	2.0	US	NGN	0	0	0
207.0	3	8	46	Female	1	more	more	158	64	9	43.0	3.0	46.0	IG	46.0	3.0	56.0	4.0	60.0	IG	14.0	28.0	-14.0	US	FRONTIER-FRTR	0	0	0
208.0	3	8	31	Female	1	more	more	143	53	13	32.0	13.0	45.0	IG	32.0	17.0	43.0	17.0	60.0	IG	17.0	23.0	-6.0	US	ATT-INTERNET4	0	0	0
209.0	3	8	39	Female	1	equal	more	174	73	7	45.0	0.0	45.0	IG	48.0	0.0	60.0	0.0	60.0	IG	15.0	25.0	-10.0	US	COMCAST-7922	0	0	0
210.0	3	9	46	Male	0	equal	less	129	47	12	36.0	0.0	36.0	IG	45.0	0.0	60.0	0.0	60.0	IG	24.0	33.0	-9.0	US	ATT-INTERNET4	0	0	0
211.0	3	9	31	Female	0	equal	equal	232	32	7	15.0	25.0	40.0	OG	23.0	31.0	25.0	35.0	60.0	OG	27.0	18.0	9.0	US	ASN-CXA-ALL-CCI-22773-RDC	0	0	0
212.0	3	9	28	Female	0	idk	idk	301	40	9	37.0	0.0	37.0	IG	45.0	0.0	60.0	0.0	60.0	IG	23.0	44.0	-21.0	US	FRONTIER-FRTR	0	0	0
213.0	3	9	60	Male	1	equal	equal	250	70	9	37.0	9.0	46.0	IG	41.0	11.0	47.0	13.0	60.0	IG	12.0	27.0	-15.0	US	COMCAST-7922	0	0	0
214.0	3	9	41	Female	1	more	equal	148	48	7	24.0	10.0	34.0	IG	42.0	12.0	45.0	15.0	60.0	IG	28.0	27.0	1.0	US	T-MOBILE-AS21928	0	0	0
215.0	3	9	38	Female	1	more	idk	212	60	12	26.0	13.0	39.0	IG	30.0	18.0	34.0	26.0	60.0	IG	16.0	27.0	-11.0	US	SUDDENLINK-COMMUNICATIONS	0	0	0
	4	0	51	Male	0	equal	equal	119	26	11														US	ATT-INTERNET4	0	0	0
	4	0	32	Female	0	equal	more	119	35	11														US	CENTURYLINK-US-LEGACY-QWEST	0	0	0
	4	0	29	Female	0	idk	more	108	70	11														US	ATT-INTERNET4	0	0	0
	4	0	35	Female	1	equal	equal	99	71	11														US	COMCAST-7922	0	0	0
	4	0	41	Male	1	equal	equal	62	15	11														US	GOOGLE-FIBER	0	0	0
	4	0	38	Female	1	equal	more	85	55	13														US	ASN-CXA-ALL-CCI-22773-RDC	0	0	0
216.0	4	1	49	Male	0	equal	equal	201	54	11	34.0	9.0	43.0	IG	35.0	9.0	50.0	10.0	60.0	IG	19.0	27.0	-8.0	US	ZAYO-6461	0	1	1
217.0	4	1	35	Male	0	equal	equal	130	30	10	35.0	0.0	35.0	IG	45.0	0.0	60.0	0.0	60.0	IG	25.0	35.0	-10.0	US	TWC-11427-TEXAS	0	0	0
218.0	4	1	35	Female	0	idk	less	153	55	12	24.0	15.0	39.0	IG	27.0	20.0	36.0	24.0	60.0	IG	22.0	26.0	-4.0	US	COMCAST-7922	0	0	0
219.0	4	1	44	Female	1	equal	equal	270	40	13	13.0	8.0	21.0	IG	31.0	15.0	40.0	20.0	60.0	IG	39.0	35.0	4.0	US	NEXEON	0	1	1
220.0	4	1	49	Female	1	equal	less	252	69	11	20.0	20.0	40.0	Unbiased	24.0	20.0	33.0	27.0	60.0	IG	22.0	16.0	6.0	US	COMCAST-7922	0	0	0
221.0	4	1	30	Male	1	more	less	213	55	12	35.0	1.0	36.0	IG	44.0	1.0	59.0	1.0	60.0	IG	24.0	24.0	0.0	US	M247	0	1	1
222.0	4	2	33	Female	0	equal	less	177	61	10	35.0	9.0	44.0	IG	41.0	10.0	45.0	15.0	60.0	IG	20.0	21.0	-1.0	US	ATT-INTERNET4	0	0	0
223.0	4	2	68	Female	0	equal	equal	197	55	12	40.0	7.0	47.0	IG	41.0	9.0	47.0	13.0	60.0	IG	14.0	23.0	-9.0	US	TWC-11427-TEXAS	0	0	0
224.0	4	2	47	Female	0	equal	equal	188	50	11	4.0	10.0	14.0	OG	26.0	25.0	29.0	31.0	60.0	OG	49.0	40.0	9.0	US	T-MOBILE-AS21928	0	0	0
225.0	4	2	36	Male	1	equal	equal	168	46	11	32.0	0.0	32.0	IG	44.0	0.0	60.0	0.0	60.0	IG	28.0	33.0	-5.0	US	DPCHICO-1	0	0	0
226.0	4	2	29	Female	1	equal	idk	217	45	12	39.0	0.0	39.0	IG	44.0	0.0	60.0	0.0	60.0	IG	21.0	12.0	9.0	US	ATT-MOBILITY-LLC-AS20057	0	0	0
227.0	4	2	55	Female	1	equal	equal	175	45	12	22.0	20.0	42.0	IG	24.0	21.0	33.0	27.0	60.0	IG	19.0	12.0	7.0	US	WINDSTREAM	0	0	0
228.0	4	3	35	Female	0	equal	equal	133	60	13	28.0	0.0	28.0	IG	43.0	0.0	60.0	0.0	60.0	IG	32.0	28.0	4.0	US	BHN-33363	0	0	0
229.0	4	3	55	Male	0	equal	less	188	53	8	3.0	44.0	47.0	OG	3.0	48.0	4.0	56.0	60.0	OG	27.0	15.0	12.0	US	CABLE-NET-1	0	0	0
230.0	4	3	66	Female	0	equal	idk	346	40	9	24.0	14.0	38.0	IG	27.0	20.0	37.0	23.0	60.0	IG	22.0	20.0	2.0	US	TWC-10796-MIDWEST	0	0	0
231.0	4	3	39	Female	1	equal	less	210	37	10	36.0	8.0	44.0	IG	38.0	11.0	46.0	14.0	60.0	IG	11.0	25.0	-14.0	US	CHARTER-20115	0	0	0
232.0	4	3	33	Female	1	equal	equal	240	21	13	35.0	6.0	41.0	IG	44.0	6.0	52.0	8.0	60.0	IG	21.0	31.0	-10.0	US	T-MOBILE-AS21928	0	0	0
233.0	4	3	22	Male	1	equal	equal	131	70	13	36.0	10.0	46.0	IG	40.0	10.0	45.0	15.0	60.0	IG	16.0	20.0	-4.0	US	MERCERU-GA-ASN	0	0	0
234.0	4	4	22	Female	0	equal	equal	240	29	12	16.0	21.0	37.0	OG	23.0	27.0	26.0	34.0	60.0	OG	28.0	25.0	3.0	US	CHARTER-20115	0	0	0
235.0	4	4	27	Female	0	equal	less	116	45	8	19.0	13.0	32.0	IG	29.0	19.0	36.0	24.0	60.0	IG	30.0	31.0	-1.0	US	MIDCO-NET	0	0	0
236.0	4	4	29	Female	0	equal	equal	107	45	11	22.0	23.0	45.0	OG	25.0	23.0	32.0	28.0	60.0	IG	18.0	11.0	7.0	US	WPAFB-CSD-NET-AS	0	0	0
237.0	4	4	35	Male	1	equal	more	210	15	12	24.0	10.0	34.0	IG	31.0	20.0	40.0	20.0	60.0	IG	27.0	28.0	-1.0	US	SPCS	0	0	0
238.0	4	4	23	Female	1	equal	equal	174	52	9	18.0	16.0	34.0	IG	27.0	24.0	30.0	30.0	60.0	Unbiased	28.0	25.0	3.0	US	SUDDENLINK-COMMUNICATIONS	0	0	0
239.0	4	4	24	Male	1	equal	idk	140	47	10	17.0	24.0	41.0	OG	20.0	29.0	22.0	38.0	60.0	OG	15.0	18.0	-3.0	US	ATT-INTERNET4	0	0	0
240.0	4	5	45	Male	0	equal	equal	244	61	11	9.0	34.0	43.0	OG	10.0	37.0	10.0	50.0	60.0	OG	28.0	17.0	11.0	US	UUNET	0	0	0
241.0	4	5	77	Male	0	idk	equal	163	31	11	18.0	15.0	33.0	IG	25.0	22.0	30.0	30.0	60.0	Unbiased	26.0	25.0	1.0	US	BHN-33363	0	0	0
242.0	4	5	45	Male	0	equal	equal	388	60	7	22.0	18.0	40.0	IG	26.0	21.0	33.0	27.0	60.0	IG	23.0	20.0	3.0	US	CHARTER-20115	0	0	0
243.0	4	5	31	Female	1	idk	idk	136	60	10	35.0	11.0	46.0	IG	35.0	17.0	42.0	18.0	60.0	IG	18.0	23.0	-5.0	US	FRONTIER-FRTR	0	0	0
244.0	4	5	61	Female	1	equal	equal	167	60	11	26.0	13.0	39.0	IG	31.0	19.0	39.0	21.0	60.0	IG	24.0	29.0	-5.0	US	CABLE-NET-1	0	0	0
245.0	4	5	48	Female	1	idk	idk	243	22	10	21.0	11.0	32.0	IG	26.0	23.0	34.0	26.0	60.0	IG	24.0	29.0	-5.0	US	UUNET	0	0	0
246.0	4	6	52	Male	0	equal	more	147	60	15	13.0	21.0	34.0	OG	22.0	27.0	24.0	36.0	60.0	OG	22.0	26.0	-4.0	US	ITV-3	0	0	0
247.0	4	6	49	Female	0	equal	equal	166	58	8	37.0	2.0	39.0	IG	46.0	7.0	53.0	7.0	60.0	IG	20.0	30.0	-10.0	US	TWC-11351-NORTHEAST	0	0	0
248.0	4	6	28	Male	0	equal	equal	142	5	10	11.0	24.0	35.0	OG	18.0	31.0	21.0	39.0	60.0	OG	29.0	29.0	0.0	US	ATT-INTERNET4	0	0	0
249.0	4	6	60	Male	1	equal	equal	381	75	12	19.0	28.0	47.0	OG	22.0	30.0	26.0	34.0	60.0	OG	17.0	13.0	4.0	US	UUNET	0	0	0
250.0	4	6	33	Male	1	equal	more	109	22	12	9.0	27.0	36.0	OG	16.0	32.0	19.0	41.0	60.0	OG	28.0	22.0	6.0	US	MTAONLINE-AS	0	0	0
251.0	4	6	32	Male	1	more	equal	249	32	15	17.0	17.0	34.0	Unbiased	24.0	23.0	30.0	30.0	60.0	Unbiased	24.0	26.0	-2.0	US	CABLE-NET-1	0	0	0
252.0	4	7	38	Male	0	equal	less	139	35	9	12.0	13.0	25.0	OG	21.0	29.0	25.0	35.0	60.0	OG	34.0	36.0	-2.0	US	BVU-2	0	0	0
253.0	4	7	39	Male	0	more	idk	327	48	11	15.0	9.0	24.0	IG	20.0	28.0	26.0	34.0	60.0	OG	31.0	39.0	-8.0	CL	ASDETUK	1	1	1
254.0	4	7	25	Female	0	equal	equal	154	19	14	20.0	11.0	31.0	IG	26.0	24.0	32.0	28.0	60.0	IG	30.0	32.0	-2.0	US	Private or unnanounced IP	0	0	0
255.0	4	7	49	Male	1	equal	equal	212	30	9	11.0	19.0	30.0	OG	23.0	24.0	23.0	37.0	60.0	OG	31.0	27.0	4.0	US	COMCAST-7922	0	0	0
256.0	4	7	30	Male	1	more	less	246	56	13	21.0	16.0	37.0	IG	29.0	21.0	36.0	24.0	60.0	IG	23.0	25.0	-2.0	US	ATT-INTERNET4	0	0	0
257.0	4	7	36	Female	1	equal	equal	146	80	10	21.0	22.0	43.0	OG	25.0	24.0	28.0	32.0	60.0	OG	19.0	19.0	0.0	EG	Vodafone-	1	0	1
258.0	4	8	43	Female	0	equal	idk	199	40	6	16.0	15.0	31.0	IG	24.0	27.0	30.0	30.0	60.0	Unbiased	30.0	30.0	0.0	US	ATT-INTERNET4	0	0	0
259.0	4	8	56	Male	0	equal	equal	200	70	12	27.0	18.0	45.0	IG	27.0	20.0	40.0	20.0	60.0	IG	24.0	18.0	6.0	US	CHARTER-20115	0	0	0
260.0	4	8	24	Female	0	equal	equal	248	50	8	18.0	16.0	34.0	IG	24.0	26.0	32.0	28.0	60.0	IG	28.0	30.0	-2.0	US	GCI	0	0	0
261.0	4	8	30	Male	1	more	more	126	58	10	35.0	3.0	38.0	IG	38.0	12.0	45.0	15.0	60.0	IG	18.0	38.0	-20.0	US	ASN-CXA-ALL-CCI-22773-RDC	0	0	0
262.0	4	8	70	Male	1	more	idk	242	20	11	13.0	16.0	29.0	OG	26.0	26.0	29.0	31.0	60.0	OG	30.0	28.0	2.0	US	BELLSOUTH-NET-BLK	0	0	0
263.0	4	8	30	Male	1	equal	equal	701	29	11	13.0	14.0	27.0	OG	23.0	25.0	28.0	32.0	60.0	OG	33.0	33.0	0.0	US	MONTICELLO	0	0	0
264.0	4	9	28	Female	0	equal	equal	242	38	10	39.0	1.0	40.0	IG	43.0	2.0	57.0	3.0	60.0	IG	20.0	37.0	-17.0	US	HVC-AS	0	1	1
265.0	4	9	31	Male	0	equal	equal	230	54	13	22.0	23.0	45.0	OG	25.0	24.0	31.0	29.0	60.0	IG	28.0	21.0	7.0	US	COMCAST-7922	0	0	0
266.0	4	9	24	Female	0	idk	idk	316	32	10	26.0	11.0	37.0	IG	29.0	15.0	39.0	21.0	60.0	IG	28.0	31.0	-3.0	CA	TOTAL-SERVER-SOLUTIONS	1	1	1
267.0	4	9	35	Female	1	more	more	147	57	9	22.0	16.0	38.0	IG	26.0	20.0	40.0	20.0	60.0	IG	30.0	23.0	7.0	US	CHARTER-20115	0	0	0
268.0	4	9	36	Female	1	equal	less	409	18	14	16.0	23.0	39.0	OG	21.0	26.0	28.0	32.0	60.0	OG	29.0	22.0	7.0	SC	INT-NETWORK	1	0	1
269.0	4	9	19	Female	1	equal	less	106	53	12	17.0	17.0	34.0	Unbiased	23.0	23.0	32.0	28.0	60.0	IG	28.0	31.0	-3.0	US	WINDSTREAM	0	0	0
	5	0	38	Female	0	equal	equal	95	40	8														US	COMCAST-7922	0	0	0
	5	0	44	Female	0	equal	equal	118	60	10														US	CLARITY-TELECOM	0	0	0
	5	0	41	Female	0	equal	more	89	44	9														US	WOOD-AS	0	0	0
	5	0	31	Male	1	equal	equal	200	48	8														US	BANNER-HEALTH-ARIZONA	0	0	0
	5	0	41	Female	1	more	equal	117	48	7														US	CHARTER-20115	0	0	0
	5	0	64	Female	1	equal	equal	141	44	9														US	MIDCO-NET	0	0	0
270.0	5	1	40	Female	0	more	more	200	66	9	37.0	4.0	41.0	IG	40.0	4.0	56.0	4.0	60.0	IG	22.0	22.0	0.0	HN	SOCIEDAD	1	1	1
271.0	5	1	18	Female	0	less	less	159	1	16	18.0	9.0	27.0	IG	28.0	19.0	36.0	24.0	60.0	IG	33.0	33.0	0.0	US	COMCAST-7922	0	0	0
272.0	5	1	30	Male	0	equal	equal	135	10	13	24.0	12.0	36.0	IG	29.0	21.0	39.0	21.0	60.0	IG	28.0	22.0	6.0	SC	INT-NETWORK	1	0	1
273.0	5	1	56	Male	1	equal	more	150	65	7	29.0	9.0	38.0	IG	33.0	10.0	45.0	15.0	60.0	IG	27.0	29.0	-2.0	US	COMCAST-7922	0	0	0
274.0	5	1	30	Male	1	equal	equal	188	60	9	2.0	34.0	36.0	OG	2.0	43.0	2.0	58.0	60.0	OG	20.0	24.0	-4.0	US	UUNET	0	0	0
275.0	5	1	24	Male	1	less	equal	406	22	11	21.0	14.0	35.0	IG	28.0	21.0	36.0	24.0	60.0	IG	26.0	28.0	-2.0	US	TIER-NET	0	0	0
276.0	5	2	60	Female	0	equal	equal	196	65	11	31.0	7.0	38.0	IG	34.0	8.0	49.0	11.0	60.0	IG	24.0	20.0	4.0	US	CHARTER-20115	0	0	0
277.0	5	2	30	Male	0	more	more	179	74	13	19.0	19.0	38.0	Unbiased	29.0	21.0	37.0	23.0	60.0	IG	25.0	17.0	8.0	US	TWC-11351-NORTHEAST	0	0	0
278.0	5	2	28	Female	0	equal	more	202	45	7	19.0	14.0	33.0	IG	28.0	24.0	33.0	27.0	60.0	IG	32.0	30.0	2.0	HN	SOCIEDAD	1	1	1
279.0	5	2	43	Male	1	equal	equal	298	73	9	24.0	17.0	41.0	IG	27.0	21.0	33.0	27.0	60.0	IG	20.0	26.0	-6.0	US	TWC-10796-MIDWEST	0	0	0
280.0	5	2	29	Male	1	equal	equal	121	65	12	28.0	18.0	46.0	IG	31.0	21.0	35.0	25.0	60.0	IG	16.0	20.0	-4.0	US	TWC-11427-TEXAS	0	0	0
281.0	5	2	24	Female	1	equal	less	215	5	7	13.0	16.0	29.0	OG	25.0	28.0	25.0	35.0	60.0	OG	28.0	32.0	-4.0	US	PEGTECHINC	0	0	0
282.0	5	3	23	Male	0	equal	equal	136	51	11	24.0	8.0	32.0	IG	35.0	13.0	46.0	14.0	60.0	IG	29.0	28.0	1.0	US	TWC-12271-NYC	0	0	0
283.0	5	3	38	Female	0	equal	equal	147	55	9	41.0	0.0	41.0	IG	46.0	0.0	60.0	0.0	60.0	IG	19.0	24.0	-5.0	US	COMCAST-7015	0	0	0
284.0	5	3	37	Male	0	equal	equal	123	68	11	34.0	0.0	34.0	IG	46.0	0.0	60.0	0.0	60.0	IG	26.0	21.0	5.0	US	UUNET	0	0	0
285.0	5	3	40	Female	1	equal	equal	185	75	11	31.0	14.0	45.0	IG	31.0	19.0	41.0	19.0	60.0	IG	16.0	19.0	-3.0	US	COMCAST-7922	0	0	0
286.0	5	3	38	Female	1	equal	equal	180	73	9	28.0	19.0	47.0	IG	28.0	21.0	36.0	24.0	60.0	IG	18.0	19.0	-1.0	US	COMCAST-7922	0	0	0
287.0	5	3	32	Female	1	more	less	243	30	11	16.0	15.0	31.0	IG	27.0	19.0	35.0	25.0	60.0	IG	27.0	28.0	-1.0	US	BELLSOUTH-NET-BLK	0	0	0
288.0	5	4	28	Male	0	more	more	191	85	8	31.0	15.0	46.0	IG	31.0	20.0	39.0	21.0	60.0	IG	15.0	21.0	-6.0	VE	Corporacion	1	0	1
289.0	5	4	32	Female	0	equal	equal	127	61	10	31.0	13.0	44.0	IG	34.0	16.0	43.0	17.0	60.0	IG	19.0	25.0	-6.0	US	DIRECTCOM	0	0	0
290.0	5	4	30	Female	0	equal	equal	189	73	12	26.0	22.0	48.0	IG	27.0	24.0	34.0	26.0	60.0	IG	17.0	19.0	-2.0	US	RCN-AS	0	0	0
291.0	5	4	36	Male	1	more	equal	350	38	8	16.0	15.0	31.0	IG	28.0	27.0	31.0	29.0	60.0	IG	30.0	28.0	2.0	US	CMCS	0	0	0
292.0	5	4	28	Male	1	equal	less	160	63	10	19.0	20.0	39.0	OG	28.0	22.0	34.0	26.0	60.0	IG	23.0	21.0	2.0	US	HYPEENT-SJ	0	1	1
293.0	5	4	42	Male	1	equal	less	187	25	10	15.0	10.0	25.0	IG	31.0	21.0	36.0	24.0	60.0	IG	37.0	33.0	4.0	US	CHARTER-20115	0	0	0
294.0	5	5	22	Male	0	equal	equal	126	70	8	28.0	19.0	47.0	IG	29.0	24.0	31.0	29.0	60.0	IG	7.0	24.0	-17.0	US	ZAYO-6461	0	1	1
295.0	5	5	20	Female	0	equal	more	200	90	9	36.0	12.0	48.0	IG	38.0	21.0	39.0	21.0	60.0	IG	9.0	30.0	-21.0	US	CHARTER-20115	0	0	0
296.0	5	5	39	Female	0	equal	equal	441	53	7	18.0	20.0	38.0	OG	27.0	24.0	29.0	31.0	60.0	OG	18.0	27.0	-9.0	US	CELLCO-PART	0	0	0
297.0	5	5	27	Female	1	equal	less	153	72	11	16.0	27.0	43.0	OG	23.0	29.0	30.0	30.0	60.0	Unbiased	26.0	9.0	17.0	US	HOSTINGSERVICES-INC	0	1	1
298.0	5	5	23	Male	1	idk	equal	234	41	9	23.0	12.0	35.0	IG	25.0	22.0	35.0	25.0	60.0	IG	27.0	28.0	-1.0	US	SHENTEL	0	0	0
299.0	5	5	37	Female	1	equal	equal	193	34	10	18.0	13.0	31.0	IG	25.0	32.0	28.0	32.0	60.0	OG	26.0	25.0	1.0	US	COMCAST-7922	0	0	0
300.0	5	6	32	Female	0	equal	equal	251	-1	13	26.0	0.0	26.0	IG	52.0	0.0	60.0	0.0	60.0	IG	34.0	32.0	2.0	US	AS40676	0	1	1
301.0	5	6	28	Male	0	more	less	129	40	9	22.0	12.0	34.0	IG	33.0	21.0	35.0	25.0	60.0	IG	25.0	33.0	-8.0	US	HYPEENT-SJ	0	1	1
302.0	5	6	24	Male	0	equal	more	201	48	12	22.0	15.0	37.0	IG	33.0	17.0	37.0	23.0	60.0	IG	23.0	23.0	0.0	BZ	SOCIEDAD	1	1	1
303.0	5	6	38	Male	1	equal	more	159	40	9	25.0	11.0	36.0	IG	32.0	17.0	43.0	17.0	60.0	IG	23.0	21.0	2.0	US	AVAST-AS-DC	0	1	1
304.0	5	6	22	Male	1	more	less	155	64	5	31.0	14.0	45.0	IG	36.0	14.0	45.0	15.0	60.0	IG	19.0	11.0	8.0	US	COMCAST-7922	0	0	0
305.0	5	6	30	Female	1	more	less	186	49	11	22.0	22.0	44.0	Unbiased	25.0	26.0	33.0	27.0	60.0	IG	24.0	20.0	4.0	US	AS40676	0	1	1
306.0	5	7	42	Male	0	equal	equal	171	10	7	33.0	0.0	33.0	IG	43.0	0.0	60.0	0.0	60.0	IG	27.0	31.0	-4.0	US	SPJC	0	0	0
307.0	5	7	29	Male	0	idk	equal	219	45	9	18.0	19.0	37.0	OG	24.0	26.0	30.0	30.0	60.0	Unbiased	26.0	26.0	0.0	US	ASN-QUADRANET-GLOBAL	0	1	1
308.0	5	7	32	Male	0	equal	equal	166	48	12	5.0	35.0	40.0	OG	6.0	42.0	8.0	52.0	60.0	OG	27.0	21.0	6.0	US	CMCS	0	0	0
309.0	5	7	27	Female	1	more	more	210	43	8	21.0	11.0	32.0	IG	28.0	21.0	33.0	27.0	60.0	IG	22.0	30.0	-8.0	US	ATT-INTERNET4	0	0	0
310.0	5	7	24	Female	1	less	equal	226	45	11	14.0	18.0	32.0	OG	21.0	27.0	23.0	37.0	60.0	OG	28.0	32.0	-4.0	US	DACEN-2	0	1	1
311.0	5	7	31	Female	1	equal	equal	139	60	9	45.0	2.0	47.0	IG	46.0	2.0	58.0	2.0	60.0	IG	13.0	27.0	-14.0	US	ATT-INTERNET4	0	0	0
312.0	5	8	33	Female	0	equal	less	320	35	8	20.0	21.0	41.0	OG	25.0	25.0	29.0	31.0	60.0	OG	18.0	23.0	-5.0	US	UUNET	0	0	0
313.0	5	8	30	Male	0	equal	less	211	41	10	7.0	30.0	37.0	OG	9.0	37.0	12.0	48.0	60.0	OG	26.0	23.0	3.0	US	LEE-BOCC-AS	0	0	0
314.0	5	8	40	Male	0	equal	equal	198	53	9	42.0	1.0	43.0	IG	46.0	1.0	58.0	2.0	60.0	IG	18.0	23.0	-5.0	US	TWC-11427-TEXAS	0	0	0
315.0	5	8	23	Male	1	more	equal	246	35	10	4.0	33.0	37.0	OG	4.0	43.0	4.0	56.0	60.0	OG	25.0	24.0	1.0	US	PEGTECHINC	0	0	0
316.0	5	8	32	Male	1	more	equal	110	15	12	39.0	2.0	41.0	IG	45.0	2.0	58.0	2.0	60.0	IG	21.0	20.0	1.0	SE	HERNLABS	1	1	1
317.0	5	8	33	Female	1	equal	equal	148	60	6	27.0	18.0	45.0	IG	27.0	22.0	34.0	26.0	60.0	IG	18.0	23.0	-5.0	US	WISCNET1-AS	0	0	0
318.0	5	9	35	Male	0	equal	equal	172	7	8	14.0	13.0	27.0	IG	26.0	25.0	30.0	30.0	60.0	Unbiased	36.0	37.0	-1.0	US	ATT-INTERNET4	0	0	0
319.0	5	9	45	Male	0	equal	less	130	50	6	22.0	25.0	47.0	OG	25.0	26.0	30.0	30.0	60.0	Unbiased	15.0	18.0	-3.0	US	COMCAST-7922	0	0	0
320.0	5	9	25	Male	0	equal	equal	175	58	10	27.0	13.0	40.0	IG	33.0	15.0	41.0	19.0	60.0	IG	21.0	18.0	3.0	US	CHARTER-20115	0	0	0
321.0	5	9	35	Male	1	equal	equal	186	44	9	27.0	19.0	46.0	IG	28.0	22.0	35.0	25.0	60.0	IG	20.0	19.0	1.0	US	UUNET	0	0	0
322.0	5	9	24	Male	1	equal	less	169	47	9	25.0	13.0	38.0	IG	32.0	19.0	39.0	21.0	60.0	IG	23.0	28.0	-5.0	GY	U	1	0	1
323.0	5	9	33	Male	1	equal	equal	152	45	10	28.0	20.0	48.0	IG	31.0	20.0	38.0	22.0	60.0	IG	21.0	12.0	9.0	US	MEDIACOM-ENTERPRISE-BUSINESS	0	0	0
