subject	condition	generation	age	sex	group	models	totalSurveyTime	totalGameTime	finalScore	il	preCompIG	preCompOG	preCompDelta	preCompBias	preWarmIG	preWarmOG	preWarmDelta	preWarmBias	postCompIG	postCompOG	postCompDelta	postCompBias	postWarmIG	postWarmOG	postWarmDelta	postWarmBias	compDelta	warmDelta	agreeIG	agreeOG	agreeTotal	agreeBias	agreeMaxIG	agreeMaxOG	obsIG	obsOG	obsTotal	obsBias	hammingIG	hammingOG	hammingDelta
0	0	1	25	Male	0	1	28	168	14	11	3.5	2.5	1	IG	3	3.5	-0.5	OG	4	3	1	IG	3	3	0	Unbiased	0	0.5	5	4	9	IG	10	10	10	10	20	Unbiased	27	27	0
1	0	1	19	Female	0	1	25	116	83	12	4	3	1	IG	4	3	1	IG	5	3	2	IG	5	3	2	IG	1	1	20	0	20	IG	20	0	20	0	20	IG	16	26	-10
2	0	1	25	Male	0	1	99	571	46	9	3.5	1.5	2	IG	4.5	2	2.5	IG	4	2.5	1.5	IG	4.5	1.5	3	IG	-0.5	0.5	16	0	16	IG	20	0	20	0	20	IG	29	29	0
3	0	1	25	Male	1	1	75	300	27	6	4.5	4.5	0	Unbiased	4.5	4.5	0	Unbiased	4.5	4.5	0	Unbiased	5	4.5	0.5	IG	0	0.5	8	2	10	IG	17	3	17	3	20	IG	34	20	14
4	0	1	37	Female	1	1	53	162	65	13	3	3	0	Unbiased	3.5	2.5	1	IG	4	2	2	IG	3	2	1	IG	2	0	11	4	15	IG	13	7	13	7	20	IG	32	28	4
5	0	1	25	Female	1	1	48	256	27	10	3.5	3.5	0	Unbiased	5	3.5	1.5	IG	3	3.5	-0.5	OG	4.5	4	0.5	IG	-0.5	-1	9	6	15	IG	14	6	14	6	20	IG	26	20	6
6	0	2	30	Male	0	1	38	180	68	8	4.5	4.5	0	Unbiased	4.5	4	0.5	IG	4.5	4.5	0	Unbiased	4	3.5	0.5	IG	0	0	12	1	13	IG	19	1	19	1	20	IG	25	33	-8
7	0	2	30	Female	0	1	21	218	9	13	3.5	4	-0.5	OG	3.5	3	0.5	IG	3.5	4.5	-1	OG	3.5	3	0.5	IG	-0.5	0	10	3	13	IG	17	3	17	3	20	IG	32	22	10
8	0	2	46	Female	0	1	24	139	56	7	2.5	2.5	0	Unbiased	3	3	0	Unbiased	3	2.5	0.5	IG	3	3	0	Unbiased	0.5	0	9	1	10	IG	18	2	18	2	20	IG	25	27	-2
9	0	2	44	Female	1	1	112	556	20	11	2.5	4	-1.5	OG	4	4	0	Unbiased	4.5	4	0.5	IG	3.5	3	0.5	IG	2	0.5	12	0	12	IG	20	0	20	0	20	IG	27	25	2
10	0	2	28	Male	1	1	60	366	-3	10	3	2.5	0.5	IG	3	4	-1	OG	3	3.5	-0.5	OG	4	4	0	Unbiased	-1	1	7	5	12	IG	11	9	11	9	20	IG	22	30	-8
11	0	2	34	Female	1	1	81	197	42	8	4.5	3.5	1	IG	4.5	3	1.5	IG	4	3	1	IG	5	3.5	1.5	IG	0	0	8	4	12	IG	13	7	13	7	20	IG	25	23	2
12	0	3	34	Male	0	1	30	158	15	11	4	4	0	Unbiased	5	5	0	Unbiased	5	5	0	Unbiased	4	4	0	Unbiased	0	0	13	0	13	IG	20	0	20	0	20	IG	32	26	6
13	0	3	30	Female	0	1	45	228	30	9	5	2	3	IG	5	2	3	IG	5	2	3	IG	5	2	3	IG	0	0	6	0	6	IG	20	0	20	0	20	IG	31	25	6
14	0	3	50	Male	0	1	47	350	29	12	5	4	1	IG	4	5	-1	OG	4.5	4	0.5	IG	4.5	5	-0.5	OG	-0.5	0.5	12	1	13	IG	19	1	19	1	20	IG	30	24	6
15	0	3	40	Male	1	1	62	533	0	10	4.5	3.5	1	IG	4.5	4.5	0	Unbiased	4.5	4	0.5	IG	4.5	4.5	0	Unbiased	-0.5	0	8	1	9	IG	18	2	18	2	20	IG	35	31	4
16	0	3	36	Female	1	1	20	260	7	3	4	4	0	Unbiased	4.5	4	0.5	IG	2.5	3.5	-1	OG	4	3	1	IG	-1	0.5	4	5	9	OG	5	15	5	15	20	OG	24	30	-6
17	0	3	39	Female	1	1	36	173	27	11	5	4	1	IG	4.5	4	0.5	IG	4.5	4	0.5	IG	4.5	4	0.5	IG	-0.5	0	7	0	7	IG	20	0	20	0	20	IG	34	28	6
18	0	4	66	Female	0	1	24	138	46	13	4	3	1	IG	4	3	1	IG	4	3	1	IG	4	3.5	0.5	IG	0	-0.5	12	1	13	IG	14	6	14	6	20	IG	22	30	-8
19	0	4	29	Female	0	1	15	86	9	11	3	2.5	0.5	IG	2	2.5	-0.5	OG	3	2.5	0.5	IG	2	3.5	-1.5	OG	0	-1	8	5	13	IG	11	9	11	9	20	IG	19	29	-10
20	0	4	25	Male	0	1	48	182	55	9	3.5	4.5	-1	OG	3.5	4.5	-1	OG	3.5	3.5	0	Unbiased	4	5	-1	OG	1	0	17	0	17	IG	20	0	20	0	20	IG	19	25	-6
21	0	4	38	Female	1	1	33	150	29	10	4	4	0	Unbiased	3.5	3.5	0	Unbiased	4.5	3.5	1	IG	4	4	0	Unbiased	1	0	4	5	9	OG	10	10	10	10	20	Unbiased	31	25	6
22	0	4	40	Male	1	1	41	212	25	11	4.5	4.5	0	Unbiased	4.5	5	-0.5	OG	4.5	4.5	0	Unbiased	5	4.5	0.5	IG	0	1	6	5	11	IG	11	9	11	9	20	IG	27	27	0
23	0	4	23	Female	1	1	45	141	50	11	4	3	1	IG	4	2.5	1.5	IG	5	2	3	IG	4	3	1	IG	2	-0.5	8	6	14	IG	11	9	11	9	20	IG	34	22	12
24	0	5	28	Female	0	1	48	207	55	8	2	2	0	Unbiased	2	2	0	Unbiased	2	2	0	Unbiased	2	2	0	Unbiased	0	0	0	0	0	Unbiased	11	9	11	9	20	IG	39	33	6
25	0	5	50	Male	0	1	49	196	10	7	5	3.5	1.5	IG	5	3.5	1.5	IG	5	2.5	2.5	IG	5	3.5	1.5	IG	1	0	10	3	13	IG	14	6	14	6	20	IG	24	32	-8
26	0	5	20	Female	0	1	26	126	60	10	5	2	3	IG	4	3	1	IG	5	5	0	Unbiased	4	4	0	Unbiased	-3	-1	14	6	20	IG	14	6	14	6	20	IG	16	26	-10
27	0	5	47	Male	1	1	29	172	47	10	3	3	0	Unbiased	3	3	0	Unbiased	3	3	0	Unbiased	3	3	0	Unbiased	0	0	3	4	7	OG	5	15	5	15	20	OG	31	37	-6
28	0	5	69	Female	1	1	38	219	61	11	4	3.5	0.5	IG	4	3	1	IG	4	4	0	Unbiased	4	4	0	Unbiased	-0.5	-1	10	9	19	IG	11	9	11	9	20	IG	27	19	8
29	0	5	45	Male	1	1	23	141	60	8	3	3	0	Unbiased	3	3	0	Unbiased	3	3	0	Unbiased	3	3	0	Unbiased	0	0	12	0	12	IG	20	0	20	0	20	IG	32	44	-12
30	0	6	27	Male	0	1	72	275	60	10	4	3.5	0.5	IG	3.5	2.5	1	IG	4	3.5	0.5	IG	3.5	3	0.5	IG	0	-0.5	6	5	11	IG	11	9	11	9	20	IG	27	28	-1
31	0	6	35	Female	0	1	46	314	55	14	3	3	0	Unbiased	4	4	0	Unbiased	3	3	0	Unbiased	4	4	0	Unbiased	0	0	4	9	13	OG	6	14	6	14	20	OG	30	21	9
32	0	6	44	Male	0	1	66	557	35	8	5	3	2	IG	4	3	1	IG	5	3	2	IG	4.5	3	1.5	IG	0	0.5	2	1	3	IG	11	9	11	9	20	IG	36	29	7
33	0	6	36	Female	1	1	25	150	61	10	5	3	2	IG	4	3	1	IG	5	5	0	Unbiased	5	5	0	Unbiased	-2	-1	9	5	14	IG	12	8	12	8	20	IG	31	32	-1
34	0	6	34	Female	1	1	22	146	59	8	3	3	0	Unbiased	3	3	0	Unbiased	3	3	0	Unbiased	3	3	0	Unbiased	0	0	5	7	12	OG	8	12	8	12	20	OG	29	26	3
35	0	6	39	Male	1	1	54	240	37	12	4	4	0	Unbiased	4	4	0	Unbiased	4	4	0	Unbiased	4	4	0	Unbiased	0	0	6	10	16	OG	7	13	7	13	20	OG	25	26	-1
36	0	7	30	Female	0	1	54	154	65	12	5	5	0	Unbiased	5	5	0	Unbiased	5	5	0	Unbiased	5	5	0	Unbiased	0	0	18	2	20	IG	18	2	18	2	20	IG	19	28	-9
37	0	7	50	Female	0	1	121	308	80	16	4	3	1	IG	4	2.5	1.5	IG	5	4	1	IG	5	4	1	IG	0	-0.5	13	0	13	IG	19	1	19	1	20	IG	24	21	3
38	0	7	40	Male	0	1	29	267	38	14	2	3.5	-1.5	OG	4.5	3.5	1	IG	2.5	3.5	-1	OG	4	3	1	IG	0.5	0	4	4	8	Unbiased	11	9	11	9	20	IG	32	29	3
39	0	7	35	Female	1	1	27	180	28	10	4.5	3.5	1	IG	4.5	3.5	1	IG	4	5	-1	OG	4.5	5	-0.5	OG	-2	-1.5	6	0	6	IG	19	1	19	1	20	IG	31	38	-7
40	0	7	31	Male	1	1	22	206	20	9	3	2	1	IG	4.5	3.5	1	IG	4	5	-1	OG	4	3	1	IG	-2	0	10	3	13	IG	14	6	14	6	20	IG	31	28	3
41	0	7	29	Male	1	1	37	154	26	8	5	4.5	0.5	IG	4	3	1	IG	4.5	4	0.5	IG	4.5	4.5	0	Unbiased	0	-1	2	8	10	OG	7	13	7	13	20	OG	35	34	1
42	0	8	31	Male	0	1	32	246	25	8	3	3	0	Unbiased	3	3	0	Unbiased	3.5	3	0.5	IG	2	3	-1	OG	0.5	-1	12	7	19	IG	12	8	12	8	20	IG	20	21	-1
43	0	8	28	Male	0	1	25	159	35	10	2.5	3	-0.5	OG	3	2.5	0.5	IG	3	2.5	0.5	IG	2	3	-1	OG	1	-1.5	13	0	13	IG	20	0	20	0	20	IG	24	29	-5
44	0	8	28	Female	0	1	225	223	17	11	2.5	2.5	0	Unbiased	3.5	2.5	1	IG	2	2.5	-0.5	OG	3	3	0	Unbiased	-0.5	-1	10	0	10	IG	20	0	20	0	20	IG	28	35	-7
45	0	8	29	Female	1	1	51	271	45	6	4.5	3	1.5	IG	4	2	2	IG	4	4	0	Unbiased	4	2.5	1.5	IG	-1.5	-0.5	5	6	11	OG	12	8	12	8	20	IG	37	32	5
46	0	8	46	Female	1	1	31	244	10	12	3.5	3	0.5	IG	4	3	1	IG	5	5	0	Unbiased	5	5	0	Unbiased	-0.5	-1	14	1	15	IG	19	1	19	1	20	IG	22	25	-3
47	0	8	23	Male	1	1	33	150	73	9	3.5	2.5	1	IG	2	2.5	-0.5	OG	3.5	2.5	1	IG	3.5	3.5	0	Unbiased	0	0.5	6	14	20	OG	6	14	6	14	20	OG	25	18	7
48	0	9	42	Male	0	1	69	314	25	13	4.5	4.5	0	Unbiased	4.5	4.5	0	Unbiased	4.5	4.5	0	Unbiased	4.5	4.5	0	Unbiased	0	0	20	0	20	IG	20	0	20	0	20	IG	18	35	-17
49	0	9	25	Female	0	1	30	178	4	11	3.5	4	-0.5	OG	4.5	2.5	2	IG	3.5	2	1.5	IG	4.5	3.5	1	IG	2	-1	4	5	9	OG	12	8	12	8	20	IG	35	34	1
50	0	9	37	Female	0	1	28	139	55	12	3.5	3.5	0	Unbiased	3.5	3.5	0	Unbiased	4.5	4	0.5	IG	4.5	4.5	0	Unbiased	0.5	0	9	11	20	OG	9	11	9	11	20	OG	26	21	5
51	0	9	29	Male	1	1	38	122	20	8	3	4	-1	OG	3	3	0	Unbiased	3	4	-1	OG	3.5	3	0.5	IG	0	0.5	0	10	10	OG	0	20	0	20	20	OG	38	25	13
52	0	9	30	Male	1	1	108	379	20	8	4	4.5	-0.5	OG	3.5	4.5	-1	OG	4	4	0	Unbiased	4	3	1	IG	0.5	2	6	6	12	Unbiased	10	10	10	10	20	Unbiased	30	23	7
53	0	9	30	Female	1	1	45	229	20	8	4.5	4.5	0	Unbiased	4.5	4.5	0	Unbiased	4.5	4.5	0	Unbiased	4.5	4.5	0	Unbiased	0	0	15	2	17	IG	18	2	18	2	20	IG	20	27	-7
54	1	1	34	Male	0	2	29	306	47	10	3	2	1	IG	2.5	2.5	0	Unbiased	3	3	0	Unbiased	2	3	-1	OG	-1	-1	20	0	20	IG	30	0	40	0	40	IG	32	30	2
55	1	1	30	Male	0	2	37	192	12	9	4	3	1	IG	3.5	4	-0.5	OG	3.5	3	0.5	IG	3.5	4	-0.5	OG	-0.5	0	20	1	21	IG	26	1	38	2	40	IG	29	31	-2
56	1	1	25	Male	0	2	25	275	45	13	2.5	3.5	-1	OG	4.5	4	0.5	IG	3.5	3.5	0	Unbiased	4.5	3	1.5	IG	1	1	17	11	28	IG	20	14	24	16	40	IG	26	24	2
57	1	1	45	Female	1	2	18	130	34	13	4.5	4	0.5	IG	3.5	4	-0.5	OG	4	4	0	Unbiased	4	4	0	Unbiased	-0.5	0.5	17	12	29	IG	19	21	19	21	40	OG	21	25	-4
58	1	1	45	Female	1	2	33	209	5	11	4.5	4.5	0	Unbiased	4.5	4.5	0	Unbiased	4.5	4.5	0	Unbiased	4.5	4.5	0	Unbiased	0	0	21	0	21	IG	31	0	40	0	40	IG	28	24	4
59	1	1	23	Male	1	2	41	197	32	12	4.5	4.5	0	Unbiased	4.5	4	0.5	IG	4	4	0	Unbiased	4.5	3.5	1	IG	0	0.5	9	15	24	OG	14	19	16	24	40	OG	25	25	0
60	1	2	40	Female	0	2	38	223	17	11	4	3	1	IG	2.5	2	0.5	IG	3.5	3	0.5	IG	2.5	2.5	0	Unbiased	-0.5	-0.5	18	4	22	IG	21	11	28	12	40	IG	23	46	-23
61	1	2	41	Male	0	2	32	170	31	11	3	4	-1	OG	3	3.5	-0.5	OG	5	4	1	IG	4	4	0	Unbiased	2	0.5	14	16	30	OG	17	21	19	21	40	OG	19	20	-1
62	1	2	25	Female	0	2	23	157	10	7	5	3	2	IG	5	3	2	IG	5	3	2	IG	5	3	2	IG	0	0	15	12	27	IG	20	20	20	20	40	Unbiased	28	27	1
63	1	2	52	Male	1	2	38	185	46	11	5	4	1	IG	4.5	3	1.5	IG	5	4.5	0.5	IG	4.5	4	0.5	IG	-0.5	-1	26	0	26	IG	35	1	39	1	40	IG	25	32	-7
64	1	2	30	Female	1	2	56	203	55	10	4.5	4.5	0	Unbiased	4.5	4.5	0	Unbiased	4.5	4.5	0	Unbiased	4.5	4.5	0	Unbiased	0	0	35	0	35	IG	35	0	40	0	40	IG	12	27	-15
65	1	2	31	Female	1	2	34	248	56	11	4.5	4	0.5	IG	4.5	5	-0.5	OG	4.5	4.5	0	Unbiased	5	4.5	0.5	IG	-0.5	1	14	13	27	IG	21	19	21	19	40	IG	23	28	-5
66	1	3	30	Male	0	2	38	228	15	7	5	2.5	2.5	IG	5	3	2	IG	5	4	1	IG	5	4.5	0.5	IG	-1.5	-1.5	21	4	25	IG	24	5	31	9	40	IG	21	34	-13
67	1	3	22	Male	0	2	66	327	38	10	4.5	3	1.5	IG	4.5	3	1.5	IG	3.5	3	0.5	IG	4	4	0	Unbiased	-1	-1.5	15	5	20	IG	18	17	19	21	40	OG	28	33	-5
68	1	3	34	Male	0	2	28	140	48	9	4	4	0	Unbiased	2.5	2.5	0	Unbiased	4	4	0	Unbiased	2.5	2.5	0	Unbiased	0	0	16	12	28	IG	17	16	20	20	40	Unbiased	26	27	-1
69	1	3	43	Female	1	2	42	343	25	12	4.5	3.5	1	IG	4.5	4	0.5	IG	4	4	0	Unbiased	4	3.5	0.5	IG	-1	0	19	7	26	IG	23	14	26	14	40	IG	24	31	-7
70	1	3	35	Male	1	2	117	370	20	6	1.5	2	-0.5	OG	1.5	1.5	0	Unbiased	2	1	1	IG	1.5	1.5	0	Unbiased	1.5	0	9	16	25	OG	11	20	15	25	40	OG	27	30	-3
71	1	3	36	Male	1	2	20	148	31	12	4.5	3.5	1	IG	4.5	4	0.5	IG	5	5	0	Unbiased	5	5	0	Unbiased	-1	-0.5	23	2	25	IG	31	6	34	6	40	IG	22	31	-9
72	1	4	38	Male	0	2	39	277	20	10	5	4.5	0.5	IG	4	4	0	Unbiased	5	5	0	Unbiased	4	4	0	Unbiased	-0.5	0	24	0	24	IG	30	0	40	0	40	IG	27	34	-7
73	1	4	52	Male	0	2	39	191	50	11	4	3	1	IG	4	3	1	IG	4	3	1	IG	4	3	1	IG	0	0	21	10	31	IG	24	12	26	14	40	IG	21	34	-13
74	1	4	42	Female	0	2	34	261	22	12	4	4	0	Unbiased	4	4	0	Unbiased	4	4	0	Unbiased	4	4	0	Unbiased	0	0	6	12	18	OG	20	20	20	20	40	Unbiased	37	28	9
75	1	4	35	Male	1	2	21	145	45	13	4	4	0	Unbiased	4	4	0	Unbiased	4	4	0	Unbiased	4	4	0	Unbiased	0	0	12	11	23	IG	19	20	20	20	40	Unbiased	27	30	-3
76	1	4	46	Male	1	2	69	279	10	10	4.5	4.5	0	Unbiased	4	4	0	Unbiased	4.5	5	-0.5	OG	4.5	4.5	0	Unbiased	-0.5	0	14	1	15	IG	26	5	34	6	40	IG	34	29	5
77	1	4	39	Female	1	2	47	216	10	11	4	2.5	1.5	IG	4.5	3	1.5	IG	4.5	2.5	2	IG	4	3	1	IG	0.5	-0.5	8	11	19	OG	19	21	19	21	40	OG	32	33	-1
78	1	5	29	Male	0	2	21	162	34	8	2	2	0	Unbiased	2	2	0	Unbiased	2	2	0	Unbiased	2	2	0	Unbiased	0	0	1	17	18	OG	1	29	2	38	40	OG	28	33	-5
79	1	5	23	Female	0	2	46	184	55	10	3	3	0	Unbiased	3.5	2.5	1	IG	4	4	0	Unbiased	3.5	3.5	0	Unbiased	0	-1	13	12	25	IG	20	20	20	20	40	Unbiased	31	26	5
80	1	5	25	Female	0	2	40	127	40	16	5	2	3	IG	5	2	3	IG	5	2	3	IG	5	2	3	IG	0	0	23	8	31	IG	23	11	27	13	40	IG	24	31	-7
81	1	5	56	Male	1	2	28	183	30	10	3	3	0	Unbiased	3	3	0	Unbiased	4	3	1	IG	4	3	1	IG	1	1	12	8	20	IG	16	16	19	21	40	OG	33	32	1
82	1	5	40	Male	1	2	39	113	36	11	5	3	2	IG	5	3.5	1.5	IG	5	3	2	IG	5	3	2	IG	0	0.5	16	6	22	IG	18	10	27	13	40	IG	27	30	-3
83	1	5	56	Female	1	2	79	241	60	9	5	5	0	Unbiased	5	5	0	Unbiased	5	3	2	IG	3	3	0	Unbiased	2	0	23	0	23	IG	29	0	40	0	40	IG	27	32	-5
84	1	6	30	Male	0	2	24	116	32	12	5	1	4	IG	4	3	1	IG	5	1	4	IG	4	3	1	IG	0	0	22	5	27	IG	26	8	30	10	40	IG	19	32	-13
85	1	6	25	Female	0	2	35	797	25	12	4.5	3.5	1	IG	5	3	2	IG	4	4	0	Unbiased	4.5	4.5	0	Unbiased	-1	-2	11	12	23	OG	19	20	20	20	40	Unbiased	28	25	3
86	1	6	30	Female	0	2	33	196	35	13	4	4	0	Unbiased	3	3	0	Unbiased	4	4	0	Unbiased	3	3	0	Unbiased	0	0	18	3	21	IG	22	5	33	7	40	IG	26	27	-1
87	1	6	52	Female	1	2	71	408	4	15	4	4	0	Unbiased	4	3	1	IG	4	4	0	Unbiased	4	4	0	Unbiased	0	-1	9	9	18	Unbiased	23	16	24	16	40	IG	38	29	9
88	1	6	30	Male	1	2	29	240	53	10	3	3	0	Unbiased	3	3	0	Unbiased	3	3	0	Unbiased	3	3	0	Unbiased	0	0	23	5	28	IG	26	6	32	8	40	IG	23	28	-5
89	1	6	45	Male	1	2	35	371	24	10	4.5	3	1.5	IG	4	3	1	IG	4.5	3.5	1	IG	3	2.5	0.5	IG	-0.5	-0.5	9	11	20	OG	19	20	20	20	40	Unbiased	30	25	5
90	1	7	25	Male	0	2	30	398	21	10	3.5	2	1.5	IG	3	2.5	0.5	IG	2.5	2	0.5	IG	3	2.5	0.5	IG	-1	0	11	7	18	IG	15	18	19	21	40	OG	31	30	1
91	1	7	47	Female	0	2	61	412	30	14	4.5	3	1.5	IG	4.5	3.5	1	IG	5	4	1	IG	4	4.5	-0.5	OG	-0.5	-1.5	12	9	21	IG	20	20	20	20	40	Unbiased	26	31	-5
92	1	7	49	Male	0	2	29	256	40	9	4	4	0	Unbiased	4	4.5	-0.5	OG	4	4	0	Unbiased	4	4.5	-0.5	OG	0	0	12	10	22	IG	22	12	27	13	40	IG	32	25	7
93	1	7	30	Male	1	2	81	459	30	6	4	4	0	Unbiased	3.5	3.5	0	Unbiased	3.5	3.5	0	Unbiased	3.5	3.5	0	Unbiased	0	0	16	10	26	IG	20	18	22	18	40	IG	27	30	-3
94	1	7	52	Female	1	2	25	193	43	11	4	3.5	0.5	IG	3	4	-1	OG	3	4	-1	OG	3.5	4	-0.5	OG	-1.5	0.5	15	9	24	IG	20	20	20	20	40	Unbiased	30	35	-5
95	1	7	46	Female	1	2	25	317	18	6	4.5	4.5	0	Unbiased	4.5	4.5	0	Unbiased	5	5	0	Unbiased	4	4	0	Unbiased	0	0	4	14	18	OG	10	24	11	29	40	OG	29	36	-7
96	1	8	55	Male	0	2	50	313	58	6	4	3	1	IG	3.5	2.5	1	IG	4	4	0	Unbiased	4	3.5	0.5	IG	-1	-0.5	17	8	25	IG	21	18	22	18	40	IG	19	23	-4
97	1	8	36	Male	0	2	37	242	41	10	4.5	3.5	1	IG	4.5	3	1.5	IG	4.5	3.5	1	IG	4.5	3	1.5	IG	0	0	13	9	22	IG	21	17	22	18	40	IG	30	30	0
98	1	8	67	Male	0	2	34	274	27	8	5	5	0	Unbiased	5	5	0	Unbiased	5	5	0	Unbiased	5	4.5	0.5	IG	0	0.5	7	13	20	OG	12	24	12	28	40	OG	22	26	-4
99	1	8	32	Female	1	2	22	220	26	11	4	5	-1	OG	4	3.5	0.5	IG	4	5	-1	OG	4	3.5	0.5	IG	0	0	8	12	20	OG	20	20	20	20	40	Unbiased	27	31	-4
100	1	8	23	Male	1	2	70	251	60	10	3	4	-1	OG	3	4	-1	OG	4	4	0	Unbiased	4	4	0	Unbiased	1	1	18	16	34	IG	19	16	24	16	40	IG	21	21	0
101	1	8	27	Male	1	2	29	146	65	9	4	3	1	IG	3	3	0	Unbiased	5	3	2	IG	5	3	2	IG	1	2	26	2	28	IG	27	4	36	4	40	IG	22	24	-2
102	1	9	25	Male	0	2	56	162	33	14	3	2.5	0.5	IG	3.5	2.5	1	IG	3	3	0	Unbiased	3.5	2.5	1	IG	-0.5	0	15	12	27	IG	22	16	23	17	40	IG	23	20	3
103	1	9	28	Male	0	2	57	313	5	11	4	3.5	0.5	IG	5	2.5	2.5	IG	4	3.5	0.5	IG	4	2.5	1.5	IG	0	-1	11	13	24	OG	21	18	22	18	40	IG	27	28	-1
104	1	9	30	Male	0	2	31	229	38	7	4.5	4	0.5	IG	4.5	4	0.5	IG	4.5	4	0.5	IG	4.5	3	1.5	IG	0	1	16	6	22	IG	22	6	30	10	40	IG	22	21	1
105	1	9	36	Female	1	2	31	201	53	9	5	4.5	0.5	IG	4	5	-1	OG	5	4.5	0.5	IG	4.5	5	-0.5	OG	0	0.5	15	8	23	IG	21	18	22	18	40	IG	20	23	-3
106	1	9	30	Male	1	2	28	184	25	14	4	3	1	IG	4	3	1	IG	4	4	0	Unbiased	4	4	0	Unbiased	-1	-1	17	6	23	IG	29	8	32	8	40	IG	26	25	1
107	1	9	31	Male	1	2	59	331	57	14	4	4	0	Unbiased	3	3	0	Unbiased	2	3	-1	OG	3	3	0	Unbiased	-1	0	4	6	10	OG	20	20	20	20	40	Unbiased	38	41	-3
108	2	1	53	Female	0	3	16	89	68	11	3.5	4.5	-1	OG	3.5	4.5	-1	OG	4.5	3.5	1	IG	4.5	4.5	0	Unbiased	2	1	15	28	43	OG	21	29	22	38	60	OG	26	19	7
109	2	1	28	Male	0	3	43	256	24	8	4.5	2	2.5	IG	4.5	2	2.5	IG	4.5	3.5	1	IG	4	3.5	0.5	IG	-1.5	-2	27	6	33	IG	39	7	52	8	60	IG	28	29	-1
110	2	1	30	Male	0	3	25	188	25	8	4	3.5	0.5	IG	3	3.5	-0.5	OG	3.5	3.5	0	Unbiased	3.5	3.5	0	Unbiased	-0.5	0.5	40	0	40	IG	44	1	59	1	60	IG	19	32	-13
111	2	1	49	Female	1	3	43	232	49	8	4.5	3.5	1	IG	4	3	1	IG	4	3.5	0.5	IG	3	3.5	-0.5	OG	-0.5	-1.5	17	11	28	IG	26	23	31	29	60	IG	26	37	-11
112	2	1	25	Female	1	3	65	253	0	10	3	4	-1	OG	3	3	0	Unbiased	3	2	1	IG	2.5	2	0.5	IG	2	0.5	12	14	26	OG	25	27	28	32	60	OG	33	30	3
113	2	1	40	Male	1	3	184	332	60	12	3	3	0	Unbiased	4	4	0	Unbiased	4	4	0	Unbiased	4	3.5	0.5	IG	0	0.5	30	4	34	IG	40	7	50	10	60	IG	23	34	-11
114	2	2	34	Male	0	3	31	170	30	9	3	2.5	0.5	IG	3.5	3	0.5	IG	2.5	3	-0.5	OG	2.5	2.5	0	Unbiased	-1	-0.5	20	16	36	IG	26	21	31	29	60	IG	21	27	-6
115	2	2	41	Female	0	3	38	274	53	12	3.5	2	1.5	IG	3.5	4.5	-1	OG	3	3	0	Unbiased	4.5	3.5	1	IG	-1.5	2	16	17	33	OG	24	27	27	33	60	OG	20	30	-10
116	2	2	40	Female	0	3	80	361	25	9	3.5	4.5	-1	OG	3.5	3.5	0	Unbiased	3	3.5	-0.5	OG	2.5	2.5	0	Unbiased	0.5	0	21	15	36	IG	29	19	39	21	60	IG	28	22	6
117	2	2	30	Male	1	3	32	146	35	9	5	5	0	Unbiased	5	5	0	Unbiased	5	5	0	Unbiased	5	5	0	Unbiased	0	0	25	1	26	IG	42	3	57	3	60	IG	32	34	-2
118	2	2	23	Female	1	3	25	175	30	7	4.5	4.5	0	Unbiased	4.5	4.5	0	Unbiased	4.5	4.5	0	Unbiased	4.5	4.5	0	Unbiased	0	0	12	27	39	OG	20	32	22	38	60	OG	31	19	12
119	2	2	25	Female	1	3	21	126	5	11	5	3	2	IG	4	2.5	1.5	IG	2.5	4	-1.5	OG	2.5	3	-0.5	OG	-3.5	-2	18	14	32	IG	26	22	32	28	60	IG	32	34	-2
120	2	3	34	Male	0	3	34	206	39	14	4	3.5	0.5	IG	4.5	4	0.5	IG	4.5	3.5	1	IG	4.5	3.5	1	IG	0.5	0.5	20	23	43	OG	26	27	28	32	60	OG	25	21	4
121	2	3	34	Female	0	3	55	341	31	12	3.5	4	-0.5	OG	4.5	3.5	1	IG	4	4.5	-0.5	OG	4	4	0	Unbiased	0	-1	22	15	37	IG	27	25	32	28	60	IG	25	35	-10
122	2	3	30	Male	0	3	91	330	50	9	5	1.5	3.5	IG	4.5	1.5	3	IG	4	4	0	Unbiased	3.5	3	0.5	IG	-3.5	-2.5	31	17	48	IG	32	18	38	22	60	IG	20	24	-4
123	2	3	44	Female	1	3	73	259	29	8	5	5	0	Unbiased	5	4	1	IG	4.5	4.5	0	Unbiased	4	4.5	-0.5	OG	0	-1.5	20	15	35	IG	26	24	32	28	60	IG	23	27	-4
124	2	3	34	Male	1	3	25	209	73	6	4	3	1	IG	3.5	3	0.5	IG	4	4	0	Unbiased	4	4	0	Unbiased	-1	-0.5	1	48	49	OG	1	48	1	59	60	OG	31	11	20
125	2	3	28	Female	1	3	31	281	24	10	3.5	4	-0.5	OG	4	3.5	0.5	IG	3	3	0	Unbiased	3.5	4	-0.5	OG	0.5	-1	15	21	36	OG	23	27	30	30	60	Unbiased	30	20	10
126	2	4	24	Male	0	3	22	138	43	10	5	3	2	IG	5	3	2	IG	5	5	0	Unbiased	5	5	0	Unbiased	-2	-2	22	15	37	IG	25	22	35	25	60	IG	21	25	-4
127	2	4	36	Male	0	3	55	347	7	13	4.5	1.5	3	IG	4	2.5	1.5	IG	4	3.5	0.5	IG	2.5	5	-2.5	OG	-2.5	-4	13	18	31	OG	23	25	30	30	60	Unbiased	31	31	0
128	2	4	35	Female	0	3	42	179	49	8	3.5	3.5	0	Unbiased	4	4	0	Unbiased	3.5	3.5	0	Unbiased	4	4	0	Unbiased	0	0	29	18	47	IG	29	19	38	22	60	IG	21	21	0
129	2	4	27	Male	1	3	58	155	68	14	3	3	0	Unbiased	2.5	3	-0.5	OG	4	3	1	IG	3	2.5	0.5	IG	1	1	22	12	34	IG	30	20	40	20	60	IG	26	30	-4
130	2	4	25	Male	1	3	36	408	25	8	4.5	4	0.5	IG	4.5	5	-0.5	OG	4.5	4	0.5	IG	5	5	0	Unbiased	0	0.5	13	16	29	OG	23	28	26	34	60	OG	27	27	0
131	2	4	42	Female	1	3	44	239	35	13	4	2.5	1.5	IG	4	3	1	IG	3.5	3	0.5	IG	4	3	1	IG	-1	0	39	3	42	IG	41	5	53	7	60	IG	19	25	-6
132	2	5	41	Male	0	3	28	135	25	10	4	3	1	IG	4	3.5	0.5	IG	4	3.5	0.5	IG	3	3.5	-0.5	OG	-0.5	-1	37	4	41	IG	44	4	55	5	60	IG	20	25	-5
133	2	5	51	Female	0	3	48	232	60	9	4	3	1	IG	3	3	0	Unbiased	4	3	1	IG	3	3	0	Unbiased	0	0	16	9	25	IG	28	20	40	20	60	IG	37	26	11
134	2	5	36	Male	0	3	31	211	73	12	4	3	1	IG	4	3.5	0.5	IG	4	3	1	IG	4	3	1	IG	0	0.5	16	20	36	OG	25	23	30	30	60	Unbiased	30	19	11
135	2	5	35	Male	1	3	185	211	36	10	4	4	0	Unbiased	3.5	3.5	0	Unbiased	3.5	3	0.5	IG	3.5	3	0.5	IG	0.5	0.5	26	12	38	IG	31	14	43	17	60	IG	22	31	-9
136	2	5	35	Female	1	3	60	301	55	13	5	4	1	IG	5	4	1	IG	5	4	1	IG	5	3.5	1.5	IG	0	0.5	18	17	35	IG	25	20	33	27	60	IG	27	20	7
137	2	5	38	Female	1	3	33	139	80	10	4.5	3.5	1	IG	4	4	0	Unbiased	5	4	1	IG	4	4	0	Unbiased	0	0	36	12	48	IG	36	12	45	15	60	IG	18	23	-5
138	2	6	20	Male	0	3	50	157	52	13	4	3	1	IG	4	3	1	IG	4	3.5	0.5	IG	4	2.5	1.5	IG	-0.5	0.5	17	22	39	OG	24	27	28	32	60	OG	24	25	-1
139	2	6	56	Male	0	3	20	175	39	11	3	3	0	Unbiased	3	3	0	Unbiased	3	3	0	Unbiased	3	3	0	Unbiased	0	0	20	18	38	IG	26	24	33	27	60	IG	25	22	3
140	2	6	49	Male	0	3	40	221	45	11	4	4	0	Unbiased	4	3	1	IG	4	4	0	Unbiased	4	4	0	Unbiased	0	-1	15	27	42	OG	22	32	25	35	60	OG	21	18	3
141	2	6	20	Female	1	3	35	312	60	10	5	4	1	IG	4	3	1	IG	5	4	1	IG	5	4	1	IG	0	0	22	14	36	IG	31	19	35	25	60	IG	25	24	1
142	2	6	64	Male	1	3	22	131	4	10	3	3	0	Unbiased	3	4	-1	OG	3	3.5	-0.5	OG	3	3.5	-0.5	OG	-0.5	0.5	10	21	31	OG	20	30	23	37	60	OG	31	28	3
143	2	6	30	Female	1	3	37	194	64	10	4	4	0	Unbiased	3	3	0	Unbiased	4	5	-1	OG	3	3.5	-0.5	OG	-1	-0.5	20	21	41	OG	27	25	29	31	60	OG	23	22	1
144	2	7	25	Female	0	3	38	226	65	10	5	2.5	2.5	IG	4	3	1	IG	5	5	0	Unbiased	4.5	4.5	0	Unbiased	-2.5	-1	45	0	45	IG	46	0	60	0	60	IG	15	25	-10
145	2	7	39	Male	0	3	36	145	25	10	4	4	0	Unbiased	4	4	0	Unbiased	4	3.5	0.5	IG	4	4	0	Unbiased	0.5	0	24	21	45	IG	27	25	34	26	60	IG	19	17	2
146	2	7	25	Male	0	3	46	250	12	12	2.5	2.5	0	Unbiased	2.5	2.5	0	Unbiased	2	2	0	Unbiased	3.5	2	1.5	IG	0	1.5	28	4	32	IG	40	6	54	6	60	IG	28	18	10
147	2	7	36	Female	1	3	111	338	22	9	4	3	1	IG	4.5	2.5	2	IG	4.5	3.5	1	IG	5	3.5	1.5	IG	0	-0.5	16	11	27	IG	33	20	38	22	60	IG	32	30	2
148	2	7	21	Female	1	3	58	213	32	11	5	3.5	1.5	IG	5	4.5	0.5	IG	4.5	3.5	1	IG	5	3	2	IG	-0.5	1.5	26	8	34	IG	34	16	42	18	60	IG	26	24	2
149	2	7	25	Male	1	3	36	368	53	12	3.5	2.5	1	IG	2.5	3	-0.5	OG	2.5	2.5	0	Unbiased	3	3	0	Unbiased	-1	0.5	20	11	31	IG	26	26	30	30	60	Unbiased	25	31	-6
150	2	8	57	Male	0	3	49	302	60	8	4.5	5	-0.5	OG	4.5	4.5	0	Unbiased	5	4.5	0.5	IG	4.5	4.5	0	Unbiased	1	0	39	4	43	IG	46	6	54	6	60	IG	16	25	-9
151	2	8	41	Male	0	3	23	195	40	7	2.5	2.5	0	Unbiased	2.5	2.5	0	Unbiased	3	2.5	0.5	IG	2.5	2.5	0	Unbiased	0.5	0	34	0	34	IG	51	0	60	0	60	IG	26	21	5
152	2	8	25	Female	0	3	32	202	37	13	3.5	1	2.5	IG	4	1	3	IG	4	1	3	IG	3.5	1	2.5	IG	0.5	-0.5	47	0	47	IG	51	0	60	0	60	IG	13	24	-11
153	2	8	35	Male	1	3	42	238	22	10	4	2.5	1.5	IG	4	2.5	1.5	IG	3	3	0	Unbiased	2	2	0	Unbiased	-1.5	-1.5	21	18	39	IG	27	24	35	25	60	IG	25	22	3
154	2	8	30	Female	1	3	60	409	30	9	5	3	2	IG	5	3	2	IG	4	4	0	Unbiased	4	4.5	-0.5	OG	-2	-2.5	21	15	36	IG	26	22	35	25	60	IG	27	22	5
155	2	8	32	Male	1	3	43	250	55	9	3.5	3.5	0	Unbiased	3.5	3.5	0	Unbiased	4	4	0	Unbiased	4.5	4.5	0	Unbiased	0	0	17	25	42	OG	23	30	27	33	60	OG	26	19	7
156	2	9	23	Male	0	3	53	302	15	13	4.5	3.5	1	IG	4	2.5	1.5	IG	3.5	2.5	1	IG	3.5	2.5	1	IG	0	-0.5	18	14	32	IG	31	21	38	22	60	IG	30	32	-2
157	2	9	32	Male	0	3	54	307	55	9	5	2.5	2.5	IG	4.5	2.5	2	IG	5	3.5	1.5	IG	5	2.5	2.5	IG	-1	0.5	15	22	37	OG	23	30	26	34	60	OG	26	24	2
158	2	9	58	Male	0	3	50	239	55	10	3	2	1	IG	3	2	1	IG	4	1	3	IG	4	1	3	IG	2	2	17	21	38	OG	23	27	28	32	60	OG	26	28	-2
159	2	9	33	Male	1	3	64	226	22	7	2.5	2.5	0	Unbiased	2	2.5	-0.5	OG	2.5	2.5	0	Unbiased	3	2.5	0.5	IG	0	1	24	12	36	IG	32	23	36	24	60	IG	21	25	-4
160	2	9	46	Female	1	3	35	201	33	11	4.5	3.5	1	IG	4.5	2.5	2	IG	4	2	2	IG	4.5	2.5	2	IG	1	0	14	14	28	Unbiased	29	22	33	27	60	IG	30	32	-2
161	2	9	22	Female	1	3	19	143	39	14	4	3	1	IG	4	3	1	IG	3	3	0	Unbiased	3	3	0	Unbiased	-1	-1	22	17	39	IG	29	20	33	27	60	IG	20	28	-8
162	3	1	32	Male	0	4	32	484	2	10	3.5	4	-0.5	OG	4.5	3	1.5	IG	4	4.5	-0.5	OG	4	3.5	0.5	IG	0	-1	36	14	50	IG	40	25	50	30	80	IG	22	33	-11
163	3	1	23	Female	0	4	31	530	27	12	3.5	3.5	0	Unbiased	3.5	3.5	0	Unbiased	3	4	-1	OG	3.5	3.5	0	Unbiased	-1	0	17	23	40	OG	28	30	39	41	80	OG	35	26	9
164	3	1	25	Male	0	4	56	256	55	12	4.5	3	1.5	IG	4.5	2	2.5	IG	4	3.5	0.5	IG	5	3	2	IG	-1	-0.5	18	22	40	OG	30	29	40	40	80	Unbiased	31	28	3
165	3	1	33	Male	1	4	56	213	20	13	5	4	1	IG	5	4	1	IG	5	4	1	IG	5	4	1	IG	0	0	24	26	50	OG	30	32	42	38	80	IG	27	22	5
166	3	1	25	Female	1	4	46	321	36	13	3.5	3.5	0	Unbiased	3.5	3	0.5	IG	3	3	0	Unbiased	3	3	0	Unbiased	0	-0.5	25	12	37	IG	37	27	49	31	80	IG	29	32	-3
167	3	1	35	Female	1	4	34	257	48	11	4.5	4	0.5	IG	4.5	4.5	0	Unbiased	4.5	4	0.5	IG	4.5	4.5	0	Unbiased	0	0	24	27	51	OG	29	29	41	39	80	IG	27	22	5
168	3	2	49	Female	0	4	53	226	46	11	3.5	3	0.5	IG	3.5	4	-0.5	OG	4	4	0	Unbiased	3.5	3	0.5	IG	-0.5	1	30	21	51	IG	34	28	45	35	80	IG	22	22	0
169	3	2	52	Female	0	4	34	286	35	14	4.5	5	-0.5	OG	4.5	4.5	0	Unbiased	4	5	-1	OG	4	5	-1	OG	-0.5	-1	20	19	39	IG	31	34	38	42	80	OG	27	31	-4
170	3	2	25	Female	0	4	27	142	30	8	2.5	3.5	-1	OG	3.5	3.5	0	Unbiased	3.5	2.5	1	IG	2.5	4	-1.5	OG	2	-1.5	21	24	45	OG	28	30	40	40	80	Unbiased	28	28	0
171	3	2	48	Male	1	4	26	153	14	12	4	3	1	IG	4	3	1	IG	4	4	0	Unbiased	4	4	0	Unbiased	-1	-1	28	6	34	IG	39	24	53	27	80	IG	28	34	-6
172	3	2	32	Female	1	4	61	506	58	9	5	5	0	Unbiased	5	5	0	Unbiased	5	5	0	Unbiased	5	5	0	Unbiased	0	0	27	22	49	IG	34	29	45	35	80	IG	26	22	4
173	3	2	47	Female	1	4	69	299	22	15	5	3.5	1.5	IG	5	4	1	IG	5	4	1	IG	5	3	2	IG	-0.5	1	18	20	38	OG	31	30	40	40	80	Unbiased	34	34	0
174	3	3	50	Female	0	4	42	215	62	8	4	4	0	Unbiased	3.5	3	0.5	IG	3.5	3	0.5	IG	3.5	3	0.5	IG	0.5	0	21	18	39	IG	34	30	43	37	80	IG	29	36	-7
175	3	3	31	Male	0	4	15	125	38	7	4.5	3.5	1	IG	3.5	3.5	0	Unbiased	3	2.5	0.5	IG	4	4	0	Unbiased	-0.5	0	27	28	55	OG	33	30	43	37	80	IG	25	22	3
176	3	3	40	Male	0	4	30	265	32	12	3.5	3.5	0	Unbiased	3.5	3.5	0	Unbiased	3	3.5	-0.5	OG	4	3.5	0.5	IG	-0.5	0.5	42	14	56	IG	45	20	57	23	80	IG	15	26	-11
177	3	3	50	Female	1	4	37	242	34	8	3.5	2.5	1	IG	2.5	2.5	0	Unbiased	3.5	4	-0.5	OG	2.5	3	-0.5	OG	-1.5	-0.5	26	23	49	IG	30	31	40	40	80	Unbiased	20	25	-5
178	3	3	43	Female	1	4	17	131	48	12	3	3	0	Unbiased	3	3	0	Unbiased	4	4	0	Unbiased	4	4	0	Unbiased	0	0	30	19	49	IG	30	31	40	40	80	Unbiased	20	29	-9
179	3	3	35	Male	1	4	44	187	45	11	3	2	1	IG	2	1	1	IG	4	3	1	IG	4	2	2	IG	0	1	27	20	47	IG	32	30	43	37	80	IG	25	28	-3
180	3	4	25	Male	0	4	213	293	30	9	3.5	2	1.5	IG	3	3	0	Unbiased	2.5	3	-0.5	OG	3	3	0	Unbiased	-2	0	24	22	46	IG	32	30	43	37	80	IG	28	27	1
181	3	4	26	Female	0	4	23	144	70	12	4	3	1	IG	4	3	1	IG	5	4	1	IG	5	4	1	IG	0	0	34	26	60	IG	34	28	42	38	80	IG	20	19	1
182	3	4	32	Female	0	4	24	126	60	12	3	3	0	Unbiased	3	3	0	Unbiased	2	5	-3	OG	3	3	0	Unbiased	-3	0	21	40	61	OG	24	41	29	51	80	OG	26	13	13
183	3	4	45	Female	1	4	55	353	44	13	4.5	5	-0.5	OG	5	5	0	Unbiased	5	5	0	Unbiased	5	5	0	Unbiased	0.5	0	26	22	48	IG	37	28	43	37	80	IG	27	30	-3
184	3	4	39	Female	1	4	59	256	40	14	3	4	-1	OG	4	3	1	IG	3.5	4	-0.5	OG	3	3	0	Unbiased	0.5	-1	28	16	44	IG	33	29	42	38	80	IG	21	32	-11
185	3	4	44	Female	1	4	48	304	5	10	4.5	4.5	0	Unbiased	4.5	4.5	0	Unbiased	4.5	4.5	0	Unbiased	4.5	4.5	0	Unbiased	0	0	20	18	38	IG	36	29	41	39	80	IG	34	31	3
186	3	5	37	Male	0	4	28	183	23	9	3	3	0	Unbiased	2	2	0	Unbiased	3	3	0	Unbiased	2	2	0	Unbiased	0	0	19	27	46	OG	33	31	40	40	80	Unbiased	29	22	7
187	3	5	35	Female	0	4	59	191	50	11	3.5	4	-0.5	OG	3.5	3	0.5	IG	3.5	3	0.5	IG	3.5	4	-0.5	OG	1	-1	29	24	53	IG	33	30	40	40	80	Unbiased	22	23	-1
188	3	5	64	Female	0	4	29	202	75	11	4	4	0	Unbiased	4	4	0	Unbiased	4	3	1	IG	4	3	1	IG	1	1	47	12	59	IG	47	20	60	20	80	IG	13	30	-17
189	3	5	56	Male	1	4	62	274	35	15	4.5	3.5	1	IG	4	3.5	0.5	IG	3.5	4.5	-1	OG	4.5	4	0.5	IG	-2	0	22	23	45	OG	34	29	47	33	80	IG	32	23	9
190	3	5	36	Female	1	4	463	127	38	10	3.5	3.5	0	Unbiased	3	3	0	Unbiased	3.5	3.5	0	Unbiased	3	3	0	Unbiased	0	0	22	23	45	OG	35	30	42	38	80	IG	27	28	-1
191	3	5	40	Female	1	4	30	180	53	9	3	3	0	Unbiased	3	2	1	IG	3	2	1	IG	3	2	1	IG	1	0	29	21	50	IG	32	29	43	37	80	IG	22	25	-3
192	3	6	27	Female	0	4	40	246	22	10	3	3.5	-0.5	OG	3.5	3.5	0	Unbiased	3	3	0	Unbiased	3.5	4	-0.5	OG	0.5	-0.5	29	25	54	IG	36	32	42	38	80	IG	22	20	2
193	3	6	30	Male	0	4	34	246	30	9	4.5	3.5	1	IG	4.5	4	0.5	IG	4.5	4	0.5	IG	3.5	3.5	0	Unbiased	-0.5	-0.5	16	24	40	OG	35	31	43	37	80	IG	34	24	10
194	3	6	35	Male	0	4	29	257	5	11	3.5	3.5	0	Unbiased	3.5	3.5	0	Unbiased	3.5	3.5	0	Unbiased	3	3.5	-0.5	OG	0	-0.5	25	23	48	IG	33	34	37	43	80	OG	19	25	-6
195	3	6	31	Female	1	4	22	189	56	12	5	5	0	Unbiased	5	5	0	Unbiased	5	5	0	Unbiased	5	5	0	Unbiased	0	0	36	10	46	IG	48	20	60	20	80	IG	24	28	-4
196	3	6	34	Male	1	4	52	194	31	15	5	2.5	2.5	IG	4	3	1	IG	4	3	1	IG	4	3	1	IG	-1.5	0	18	21	39	OG	33	33	40	40	80	Unbiased	39	29	10
197	3	6	57	Male	1	4	97	233	41	7	2	4	-2	OG	2	4	-2	OG	3	3	0	Unbiased	3	3	0	Unbiased	2	2	33	22	55	IG	37	31	45	35	80	IG	17	23	-6
198	3	7	29	Male	0	4	27	209	25	13	4	4.5	-0.5	OG	3.5	3.5	0	Unbiased	4.5	4.5	0	Unbiased	3.5	3.5	0	Unbiased	0.5	0	17	14	31	IG	28	35	36	44	80	OG	32	37	-5
199	3	7	25	Female	0	4	79	401	35	13	4	3.5	0.5	IG	4	2.5	1.5	IG	4	3.5	0.5	IG	4	3	1	IG	0	-0.5	21	18	39	IG	35	27	43	37	80	IG	30	31	-1
200	3	7	32	Female	0	4	31	204	20	8	3.5	2.5	1	IG	4	3	1	IG	4	4	0	Unbiased	4	2.5	1.5	IG	-1	0.5	17	16	33	IG	32	29	39	41	80	OG	33	36	-3
201	3	7	25	Male	1	4	35	353	32	8	4	3.5	0.5	IG	4.5	4.5	0	Unbiased	4.5	4.5	0	Unbiased	3.5	3.5	0	Unbiased	-0.5	0	29	12	41	IG	42	20	59	21	80	IG	30	21	9
202	3	7	35	Male	1	4	38	266	25	11	5	4.5	0.5	IG	5	4.5	0.5	IG	4.5	4.5	0	Unbiased	4.5	4.5	0	Unbiased	-0.5	-0.5	29	4	33	IG	43	20	60	20	80	IG	31	44	-13
203	3	7	47	Male	1	4	40	309	58	11	4.5	2	2.5	IG	5	1	4	IG	4.5	2	2.5	IG	4	1	3	IG	0	-1	19	25	44	OG	29	37	34	46	80	OG	30	25	5
204	3	8	47	Male	0	4	69	248	66	12	4	3	1	IG	3	3	0	Unbiased	4.5	4	0.5	IG	4	3.5	0.5	IG	-0.5	0.5	34	27	61	IG	34	31	40	40	80	Unbiased	12	23	-11
205	3	8	41	Male	0	4	69	194	22	10	5	3	2	IG	4.5	2.5	2	IG	4.5	4	0.5	IG	5	2.5	2.5	IG	-1.5	0.5	19	15	34	IG	36	28	43	37	80	IG	36	33	3
206	3	8	27	Female	0	4	26	131	58	12	3	3	0	Unbiased	3	3	0	Unbiased	5	5	0	Unbiased	5	5	0	Unbiased	0	0	26	23	49	IG	35	28	42	38	80	IG	22	23	-1
207	3	8	41	Male	1	4	53	240	15	9	3.5	3	0.5	IG	4.5	3	1.5	IG	3.5	3.5	0	Unbiased	3.5	3	0.5	IG	-0.5	-1	36	11	47	IG	45	20	59	21	80	IG	24	25	-1
208	3	8	21	Female	1	4	26	234	60	13	5	5	0	Unbiased	5	5	0	Unbiased	5	5	0	Unbiased	5	5	0	Unbiased	0	0	23	28	51	OG	29	39	35	45	80	OG	23	22	1
209	3	8	29	Male	1	4	41	358	30	11	4	3.5	0.5	IG	3	3.5	-0.5	OG	3.5	3.5	0	Unbiased	3.5	3.5	0	Unbiased	-0.5	0.5	27	28	55	OG	31	33	42	38	80	IG	21	16	5
210	3	9	23	Female	0	4	24	121	66	12	4	3.5	0.5	IG	3.5	3.5	0	Unbiased	3.5	4	-0.5	OG	3.5	3.5	0	Unbiased	-1	0	29	28	57	IG	31	32	41	39	80	IG	20	17	3
211	3	9	41	Male	0	4	41	264	27	10	4.5	4.5	0	Unbiased	4.5	4.5	0	Unbiased	3.5	4	-0.5	OG	4	4	0	Unbiased	-0.5	0	22	21	43	IG	32	38	37	43	80	OG	27	30	-3
212	3	9	41	Male	0	4	51	238	0	9	4.5	4.5	0	Unbiased	4.5	4.5	0	Unbiased	4.5	4.5	0	Unbiased	4.5	4.5	0	Unbiased	0	0	14	5	19	IG	32	36	41	39	80	IG	40	47	-7
213	3	9	43	Female	1	4	23	130	5	9	3.5	4	-0.5	OG	4	3.5	0.5	IG	4.5	3	1.5	IG	5	3.5	1.5	IG	2	1	14	13	27	IG	47	21	57	23	80	IG	44	37	7
214	3	9	35	Female	1	4	27	125	30	10	3.5	3.5	0	Unbiased	3	3	0	Unbiased	2.5	2.5	0	Unbiased	2	2	0	Unbiased	0	0	20	19	39	IG	31	28	40	40	80	Unbiased	29	30	-1
215	3	9	33	Male	1	4	17	133	66	15	3	3	0	Unbiased	3	3	0	Unbiased	3	3	0	Unbiased	3	3	0	Unbiased	0	0	33	29	62	IG	36	33	39	41	80	OG	11	18	-7
